Country Name;1995;1996;1997;1998;1999;2000;2001;2002;2003;2004;2005;2006;2007;2008;2009;2010;2011;2012;2013;2014;2015;2016
Afghanistan;;;;;;;1.174.096.908;187.845.095;1.987.285.436;2.191.413.528;2.502.941.299;272.563.077;369.835.796;3.733.611.163;4.458.932.979;5.533.002.894;6.035.370.231;6.690.090.509;6.386.125.432;6.293.452.503;5.695.779.229;5.617.787.463
Albania;7.605.593.758;1.046.358.511;749.584.649;8.653.021.618;1.098.425.463;1.175.788.981;1.326.970.339;1.453.642.777;1.890.681.557;2.416.588.235;2.709.142.931;3.005.012.903;3.603.013.685;4.370.539.647;4.114.136.545;4.094.358.832;4.437.178.068;4.247.614.308;4.413.081.697;4.578.666.728;3.934.895.394;412.498.239
Algeria;1.444.908.036;1.596.029.867;1.612.009.303;1.588.481.449;1.581.004.564;1.757.017.797;1.732.857.979;1.774.033.673;2.094.335.506;2.598.908.023;3.100.122.378;3.464.610.079;3.935.183.343;4.905.254.866;386.883.123;4.463.394.675;543.241.332;5.565.134.521;5.471.123.389;5.466.425.778;4.160.220.067;3.916.881.571
Andorra;1.846.106.486;1.901.717.459;1.835.305.972;188.945.215;192.617.105;219.365.301;2.222.884.649;2.474.149.357;3.277.644.227;3.850.347.961;4.128.202.012;4.374.877.216;4.858.280.846;4.778.565.909;4.333.937.987;3.973.635.406;4.109.876.694;3.839.108.087;406.197.113;4.229.499.473;360.382.676;3.698.862.203
Angola;3.531.820.451;5.126.209.659;5.068.849.522;4.156.933.459;3.857.688.535;5.552.969.419;526.168.743;711.181.716;7.794.683.056;1.041.086.844;1.443.991.929;2.062.415.149;2.878.837.144;3.868.578.883;334.784.485;3.529.053.482;4.299.012.889;4.598.249.988;4.804.616.884;4.709.312.024;3.695.793.748;3.308.700.233
Antigua and Barbuda;7.841.464.034;8.379.576.739;8.755.156.499;9.115.234.532;936.318.664;9.932.029.681;9.414.160.591;9.443.063.591;9.801.966.935;1.041.931.113;1.145.273.878;1.281.276.444;1.435.091.889;1.479.736.842;1.308.228.166;1.217.469.786;1.193.120.411;1.251.755.793;1.219.460.876;1.294.698.694;1.365.914.791;1.446.217.628
Argentina;7.373.428.246;7.683.574.065;8.172.664.323;8.248.761.989;7.736.369.623;7.669.273.916;7.170.694.674;2.579.193.168;3.330.437.006;4.251.574.348;5.076.883.829;5.878.761.027;719.361.764;8.953.359.275;8.161.306.966;102.762.605;1.272.690.836;1.296.970.712;1.297.663.642;1.224.525.645;1.346.710.236;1.244.032.098
Armenia;4.563.758.998;504.059.514;5.232.835.691;6.091.730.254;5.974.334.817;6.227.427.477;6.944.305.119;7.832.616.099;9.301.661.567;119.196.192;1.643.758.543;2.158.002.909;3.138.808.703;4.010.026.997;2.993.832.531;3.218.381.655;3.526.978.143;368.480.481;3.843.591.213;3.994.712.355;3.617.935.746;3.614.688.357
Aruba;1.644.179.064;1.658.519.553;1.792.657.284;1.908.135.166;1.935.620.339;2.062.070.063;2.067.065.566;2.043.429.944;208.345.102;2.256.782.492;2.330.283.199;2.401.494.427;2.592.102.605;2.754.689.939;2.463.143.486;2.427.194.042;2.532.472.036;;;;;
Australia;2.038.466.929;2.194.415.506;2.355.122.217;2.136.598.141;2.056.147.678;21.690.921;1.951.784.168;2.008.181.763;2.346.538.559;3.047.237.977;3.401.671.483;3.611.828.381;4.099.198.289;4.966.468.504;4.274.299.898;5.187.408.048;6.224.510.029;6.763.531.555;6.770.868.929;6.209.961.441;5.640.834.043;4.975.531.548
Austria;3.032.584.958;2.980.907.677;267.054.786;2.736.187.511;2.717.429.716;2.456.445.829;2.453.751.426;2.640.174.546;3.222.289.724;3.682.152.147;3.840.313.388;4.063.528.182;4.685.577.175;5.170.876.575;479.631.794;4.685.804.327;5.137.495.841;4.856.769.529;5.071.938.828;5.173.348.192;4.425.558.336;447.576.349
Azerbaijan;3.971.981.161;4.092.167.452;5.055.605.732;5.619.103.017;5.738.902.562;6.550.974.326;7.036.838.434;7.630.730.858;8.836.439.965;104.502.163;157.840.239;2.473.085.776;3.851.437.869;5.574.603.802;4.950.294.791;5.842.805.784;7.189.691.229;7.496.335.728;7.875.756.953;7.891.299.776;5.500.310.382;3.878.709.257
Bahamas, The;122.398.715;1.271.715.001;1.728.793.602;1.845.660.898;2.050.594.743;212.412.367;2.149.752.091;2.250.635.114;2.200.920.043;2.199.640.649;2.340.545.302;2.371.910.788;2.430.124.325;2.365.233.053;2.203.710.801;2.192.155.906;2.152.397.372;288.155.274;2.830.346.729;2.837.435.794;2.905.609.066;2.878.547.767
Bahrain;1.037.693.489;1.054.466.713;1.067.218.394;1.007.618.778;1.040.148.045;1.363.634.668;12.868.211;1.310.233.457;1.422.199.259;1.584.647.641;1.795.917.854;1.930.799.549;2.097.711.053;2.306.756.535;1.935.667.236;2.072.210.389;225.121.596;2.364.936.661;2.473.717.178;2.498.337.902;2.268.887.824;2.257.909.342
Bangladesh;3.196.086.944;3.829.357.493;3.895.236.244;3.952.974.607;3.973.548.219;4.056.033.071;4.025.981.152;4.006.135.745;4.327.388.972;4.607.579.167;4.841.554.071;4.940.501.466;5.410.651.484;6.157.775.411;6.811.205.368;7.576.717.572;8.357.893.401;856.342.857;9.518.894.535;108.456.543;1.210.158.769;1.358.779.029
Barbados;8.537.056.187;9.069.168.909;9.549.894.079;1.072.759.584;1.120.057.763;1.156.766.612;1.151.393.686;1.167.534.754;1.202.848.034;1.286.878.733;1.422.325.544;1.543.999.215;1.638.149.556;1.661.371.922;1.592.290.013;1.595.902.979;1.661.041.835;1.653.621.464;1.632.691.348;1.626.179.932;1.612.904.928;1.589.162.655
Belarus;1.370.672.043;1.452.447.002;1.396.502.166;1.511.770.268;12.106.116;1.276.288.034;1.244.373.185;1.479.383.142;1.819.525.644;2.378.339.207;3.126.071.767;3.848.215.966;4.735.484.827;6.377.369.732;517.626.383;60.293.968;6.519.230.195;6.940.159.254;7.978.872.615;831.851.269;5.949.106.307;4.989.427.763
Belgium;2.856.591.915;2.770.190.329;2.502.774.459;2.554.167.472;2.544.413.926;2.320.740.591;2.312.160.114;2.505.233.939;3.074.390.254;3.558.968.912;3.696.725.918;3.885.237.293;444.037.669;484.245.756;4.488.057.302;4.438.017.663;4.770.281.189;4.474.058.325;4.658.266.955;4.737.917.392;4.037.538.864;4.127.148.215
Belize;2.996.382.928;3.001.665.138;2.952.602.141;2.991.924.971;3.065.492.248;3.364.423.711;3.419.275.719;3.556.561.825;3.679.909.523;3.831.538.019;3.933.332.215;418.737.803;4.324.876.427;4.470.220.796;4.258.788.611;4.344.150.177;451.624.675;467.363.848;4.688.538.443;4.852.223.666;4.849.997.495;4.744.736.397
Benin;367.387.341;3.874.329.246;3.611.002.698;379.442.354;4.036.237.038;3.741.923.942;378.736.054;4.186.985.763;5.192.922.847;5.834.093.514;601.799.977;625.830.092;7.060.535.419;8.201.513.498;79.345.243;7.576.959.074;8.259.427.854;8.379.505.001;9.152.674.586;943.686.575;783.947.091;7.894.404.107
Bermuda;3.398.972.236;4.482.678.907;4.847.888.325;5.137.174.081;5.424.545.974;5.628.416.865;5.888.395.943;625.831.002;6.611.172.523;7.035.931.911;7.588.203.386;839.126.978;9.084.958.698;9.360.574.817;8.846.331.282;8.820.732.756;8.597.315.842;8.545.845.551;8.574.806.541;;;
Bhutan;5.885.939.027;6.093.430.176;6.921.262.064;6.952.902.533;7.515.757.717;7.658.632.358;8.079.387.673;8.856.382.245;9.977.417.141;1.097.457.088;1.247.061.392;1.335.456.906;1.741.142.552;1.795.181.307;1.770.234.497;2.178.921.383;2.458.045.976;2.422.008.016;2.350.882.889;2.504.717.407;261.531.022;2.773.547.135
Bolivia;8.874.685.243;9.584.737.662;1.006.964.739;105.871.875;1.012.509.773;1.007.002.869;9.582.366.524;9.135.756.423;9.173.643.105;9.783.346.485;1.046.427.384;1.233.594.435;1.389.634.888;1.736.935.051;1.776.866.476;1.981.160.705;2.377.675.918;2.645.227.753;2.947.938.526;312.400.031;3.077.026.199;3.104.956.089
Bosnia and Herzegovina;4.856.172.767;7.369.753.294;978.516.728;1.097.644.555;1.246.497.114;146.175.052;1.524.412.022;1.761.537.647;2.214.732.246;2.650.642.661;2.968.411.806;3.404.321.698;4.180.292.176;5.078.314.577;4.701.334.426;4.614.829.041;5.054.325.344;4.722.013.403;5.042.582.213;5.204.243.718;4.584.242.548;4.808.405.425
Botswana;3.014.867.858;3.022.176.753;3.065.527.268;2.869.182.503;3.226.295.674;3.349.068.823;3.128.097.793;3.055.618.382;4.163.065.906;4.896.583.835;5.351.253.732;5.374.554.867;5.714.047.937;5.623.379.566;5.185.729.845;6.346.156.204;7.645.214.612;702.923.145;7.007.625.786;7.497.762.378;6.532.044.677;6.924.149.775
Brazil;4.840.787.782;5.156.805.408;5.271.411.137;5.075.631.114;3.469.503.972;3.739.119.036;3.146.950.177;2.819.649.531;3.059.587.582;3.623.047.667;4.770.182.746;5.860.145.975;7.313.557.962;8.787.610.375;855.338.047;1.122.415.408;1.316.747.289;1.229.146.685;1.221.690.446;1.202.661.731;8.757.206.202;8.649.948.492
British Virgin Islands;;;;;;;;;;;;;;;;;;;;;;
Brunei Darussalam;1.592.916.376;1.678.903.717;1.665.608.988;1.269.068.932;1.409.793.159;1.800.844.826;1.646.812.886;1.684.602.198;1.855.556.649;2.189.660.527;2.610.213.345;3.098.096.692;3.267.236.717;379.512.806;2.796.547.504;3.526.810.117;470.170.273;4.765.125.909;4.459.727.968;4.153.066.898;3.096.789.051;2.693.941.751
Bulgaria;1.554.046.931;1.208.850.233;134.691.277;1.771.993.943;1.643.609.895;1.609.280.586;1.764.907.387;2.087.534.843;2.710.468.024;3.381.507.837;389.368.998;451.313.628;5.932.899.677;7.261.754.492;6.969.558.557;6.843.263.289;7.813.803.499;7.378.025.539;7.674.860.559;7.853.335.191;699.347.736;7.469.025.247
Burkina Faso;2.358.321.973;2.493.602.944;2.294.931.177;2.557.182.334;2.653.401.156;2.264.759.814;2.354.912.324;2.607.635.413;3.323.443.051;3.713.230.865;4.069.988.071;4.226.332.374;4.751.100.122;5.697.612.784;5.527.455.521;5.754.464.527;6.668.404.101;6.738.228.182;699.781.537;7.038.216.565;5.753.144.542;6.271.030.788
Burundi;1.677.991.717;1.438.532.933;1.591.755.281;1.444.746.122;1.286.964.397;1.359.984.455;1.337.427.689;1.224.335.893;1.128.493.703;1.274.296.648;1.505.070.434;1.658.794.176;1.707.999.005;1.962.472.628;2.049.446.502;2.311.943.256;2.604.799.073;2.652.856.051;2.827.555.252;3.127.489.794;3.006.765.569;2.857.274.421
Cabo Verde;1.251.902.319;125.880.907;1.201.956.656;1.250.615.376;1.389.719.796;1.239.377.855;1.268.884.564;1.373.515.636;1.768.921.302;1.976.458.506;204.813.459;2.304.289.902;3.112.285.712;3.638.905.946;34.445.566;3.312.825.985;3.670.429.453;3.408.482.762;3.558.796.314;3.529.618.403;2.954.119.467;299.775.268
Cambodia;3.230.099.928;3.193.632.544;304.837.993;269.054.641;2.959.735.957;3.006.850.949;3.212.263.004;3.390.676.984;3.624.213.785;4.086.105.184;4.742.238.766;5.398.791.529;631.675.789;7.457.877.873;7.382.326.684;7.856.928.841;8.824.901.462;9.500.244.132;1.028.419.568;1.098.687.123;116.318.977;1.269.907.238
Cameroon;7.164.369.269;761.151.765;7.647.846.067;7.307.326.938;7.519.782.914;6.601.926.971;6.617.774.417;7.198.896.584;8.810.102.086;1.027.823;1.030.038.193;1.081.369.831;1.215.808.213;1.396.824.988;1.338.884.377;1.309.122.208;1.429.647.553;1.380.509.848;1.493.746.567;1.571.182.535;135.392.449;1.374.514.172
Canada;2.057.748.939;2.118.322.008;2.177.013.408;2.088.783.947;2.216.722.585;2.412.416.917;2.369.159.472;2.416.780.431;2.817.214.883;3.197.987.195;3.618.958.838;4.038.669.948;445.445.268;4.659.633.599;4.077.345.436;4.744.747.602;5.208.221.076;5.249.669.487;5.241.831.506;5.063.320.882;4.352.537.019;4.234.894.546
Cayman Islands;;3.018.976.843;;;;;;;;;;641.009.077;;;;;;;;;;
Central African Republic;3.326.773.772;2.933.188.854;2.666.076.447;2.689.004.231;2.718.551.165;2.435.429.317;2.431.586.486;2.537.068.343;2.862.508.019;313.210.598;3.239.805.112;3.476.073.678;3.971.480.467;4.568.614.334;4.499.601.839;4.464.434.494;4.943.306.779;486.410.114;3.374.849.614;3.771.320.274;348.381.417;3.822.131.743
Chad;2.065.386.927;2.219.742.723;2.061.441.026;2.248.661.479;1.908.359.826;1.660.231.785;1.973.156.442;2.208.054.821;2.925.914.364;4.546.765.879;6.602.421.396;7.121.847.694;801.683.884;9.297.702.391;8.044.559.039;8.965.697.341;9.892.363.633;9.734.702.574;9.860.103.177;1.025.998.515;7.772.487.051;6.642.956.519
Chile;5.137.375.078;5.382.846.519;5.781.103.423;5.479.498.064;4.986.007.417;5.101.368.479;4.595.666.327;4.463.545.867;4.787.699.532;6.210.828.325;761.530.468;9.484.681.227;1.052.687.746;1.078.136.608;1.024.332.824;1.286.017.764;1.470.569.242;1.543.190.293;1.594.139.722;1.481.737.778;136.532.264;1.379.292.605
China;6.096.566.792;7.094.137.551;7.817.441.643;8.285.804.793;8.732.870.617;9.593.724.836;1.053.108.243;114.850.829;1.288.643.252;1.508.668.098;1.753.417.829;2.099.229.435;2.695.365.917;3.471.248.054;3.838.433.972;4.560.512.586;5.633.795.717;6.337.883.323;7.077.770.765;7.683.502.613;8.069.213.024;8.123.180.873
Colombia;2.470.683.623;2.553.549.692;2.759.952.748;2.509.139.633;2.164.432.929;2.472.197.831;2.395.856.551;2.355.725.857;2.246.257.472;2.740.249.442;3.386.025.634;3.709.078.764;4.674.219.528;5.433.720.425;5.148.422.106;6.250.654.926;7.227.739.797;7.884.984.375;8.030.585.914;7.913.383.242;6.044.525.655;5.805.605.385
Comoros;487.797.973;471.721.275;4.225.487.938;417.928.473;4.208.779.342;3.758.528.566;3.959.319.363;4.332.691.451;5.445.066.526;6.164.197.236;6.219.033.702;6.483.008.717;7.207.593.013;7.959.705.019;7.785.454.199;7.691.742.883;8.297.586.885;788.632.653;8.343.410.949;8.529.543.079;7.276.463.868;7.750.800.846
Congo, Dem. Rep.;1.356.734.781;134.939.947;138.964.642;138.615.476;1.026.447.985;4.054.696.531;1.536.995.733;1.751.360.715;1.739.163.518;1.941.667.863;2.185.235.092;2.528.430.454;2.801.217.437;3.181.201.341;2.926.284.114;3.180.757.516;3.574.834.938;3.981.406.948;4.581.253.652;4.871.982.806;4.976.297.557;4.493.715.203
Congo, Rep.;7.559.167.951;8.824.250.224;7.840.481.427;6.394.985.852;7.505.265.499;9.981.968.921;8.427.090.677;8.863.616.653;9.981.013.117;1.289.337.837;1.637.064.381;201.211.007;2.111.209.489;2.881.594.116;2.255.333.119;273.734.233;3.196.647.524;2.952.052.348;2.964.572.989;2.910.520.226;1.712.121.146;152.824.472
Costa Rica;3.279.326.506;3.230.234.155;3.408.365.101;3.614.562.567;3.688.398.314;3.808.363.689;3.981.528.047;4.062.014.965;4.167.714.107;4.425.507.467;4.697.011.135;5.245.187.372;6.120.623.418;6.911.136.136;6.809.396.224;8.199.414.621;918.659.639;998.536.959;1.056.966.631;1.064.744.179;1.140.636.273;118.246.381
Cote d'Ivoire;7.565.011.354;8.095.387.372;758.911.908;7.939.810.785;7.592.922.029;642.254.714;656.834.565;7.109.611.683;865.789.649;9.198.068.028;931.754.287;9.519.478.956;1.065.896.375;1.242.431.044;1.217.749.206;1.219.749.096;1.214.703.946;1.262.480.218;1.423.682.282;1.569.928.275;1.434.326.615;1.534.973.724
Croatia;4.794.937.213;5.268.805.674;5.210.430.239;5.650.332.016;5.135.473.341;4.919.628.069;5.245.421.419;6.053.716.037;7.805.881.418;9.365.742.468;1.022.430.403;1.136.341.845;1.354.669.872;1.589.386.056;1.415.714.416;1.350.574.586;1.453.918.421;1.323.597.757;1.357.474.009;1.346.746.827;1.163.807.948;1.214.918.958
Cuba;2.790.178.221;2.282.389.619;2.303.090.535;2.326.112.221;255.306.976;2.741.110.542;2.832.188.893;2.994.339.988;3.192.669.378;3.390.716.256;377.905.707;4.669.060.916;5.184.494.227;5.376.447.622;54.847.763;5.676.141.403;6.075.924.306;6.425.941.119;676.015.344;705.050.199;7.602.261.218;
Curacao;;;;;;;;;;;;;;;;;;;;;;
Cyprus;1.509.800.602;1.496.942.279;1.430.353.857;1.524.729.329;1.545.764.436;1.467.288.206;1.506.292.433;1.637.229.152;2.029.340.789;2.393.249.128;2.532.448.666;2.716.999.256;3.138.663.265;3.539.070.488;321.058.159;3.081.846.396;3.223.383.942;2.898.491.481;2.794.231.667;2.740.080.299;232.122.247;2.354.148.825
Czech Republic;5.788.150.737;6.493.863.346;599.683.381;6.458.904.501;6.307.698.004;601.161.522;660.920.553;8.032.896.612;9.773.117.503;1.168.588.724;1.334.617.639;1.518.363.605;18.373.649;2.269.885.396;1.974.159.763;1.980.807.109;2.171.745.794;1.972.987.051;1.991.601.939;1.974.455.861;1.771.561.685;1.848.371.648
Denmark;3.535.138.071;3.565.072.434;3.283.592.877;3.336.815.485;3.344.080.162;3.074.355.917;3.075.164.946;3.322.869.291;4.045.877.064;4.651.160.457;4.879.982.037;5.202.699.311;5.848.704.501;6.432.206.664;5.816.329.359;5.804.141.122;6.175.366.007;5.850.750.021;6.119.119.263;6.254.898.502;5.301.299.658;5.357.875.657
Djibouti;7.895.517.691;7.674.669.289;7.605.314.478;7.555.962.418;7.657.204.882;7.681.760.767;7.812.322.196;79.215.412;819.974.118;8.641.847.206;9.047.297.489;9.656.693.779;1.047.586.896;1.214.077.118;1.253.657.431;1.325.990.724;1.430.986.898;1.536.150.685;1.622.637.974;1.740.915.011;1.862.167.274;
Dominica;3.139.180.544;3.323.416.184;3.473.795.902;3.676.778.215;3.830.175.253;4.820.107.567;4.924.922.784;4.836.384.921;4.994.667.402;5.325.046.981;5.244.033.732;551.316.071;5.939.053.585;6.446.663.832;6.866.224.899;6.912.435.714;6.986.046.785;6.745.849.594;6.933.415.429;719.539.349;7.313.849.352;7.906.721.671
Dominican Republic;2.072.683.652;225.825.854;2.400.188.253;2.551.900.557;2.575.565.104;2.802.420.042;2.862.154.836;3.008.465.078;2.372.628.827;2.421.096.062;3.681.059.903;3.836.468.771;4.647.310.359;5.011.037.937;4.952.677.503;545.106.696;57.590.643;5.968.876.767;6.027.055.544;6.268.692.122;6.468.471.648;6.722.223.536
Ecuador;2.135.632.812;2.159.150.814;2.361.599.124;2.300.407.884;1.584.463.443;1.451.290.776;1.903.741.571;2.183.966.796;244.046.898;2.708.557.892;3.021.942.547;3.350.786.541;3.590.718.086;4.274.952.065;4.255.565.701;4.657.302.361;5.223.351.763;5.702.104.313;6.074.090.829;6.396.630.483;6.150.155.955;6.018.526.868
Egypt, Arab Rep.;9.442.019.116;1.041.523.448;1.185.718.121;1.258.997.552;1.321.799.713;1.428.183.004;1.370.717.438;1.210.229.249;1.120.874.928;1.045.943.208;1.168.115.231;1.375.196.316;1.640.476.068;2.011.246.154;2.291.667.062;2.602.479.549;2.747.480.327;3.181.441.708;3.213.389.158;3.327.754.247;3.547.713.012;3.477.851.743
El Salvador;1.693.157.242;1.818.694.711;1.943.990.272;2.078.043.077;2.139.793.967;2.238.401.016;2.338.772.244;24.084.125;2.519.737.387;2.632.709.942;2.835.281.237;3.062.951.768;3.304.838.107;3.507.347.674;3.366.482.133;3.474.392.445;373.658.713;3.827.786.267;3.895.664.491;3.988.771.871;412.711.775;4.223.584.579
Equatorial Guinea;2.809.695.313;4.436.325.956;8.121.715.228;6.541.473.102;1.052.852.818;1.702.684.901;2.283.879.039;2.711.170.114;3.577.176.197;6.085.348.907;1.085.063.334;1.273.202.759;1.576.183.913;2.274.238.159;1.653.020.937;1.713.644.568;2.145.188.617;215.576.528;2.024.699.308;1.924.565.151;1.071.748.218;8.747.353.473
Eritrea;1.870.504.479;2.225.454.459;2.171.509.292;2.312.266.102;2.086.209.747;2.081.969.487;2.151.392.103;2.017.687.981;2.327.945.459;2.874.222.243;2.767.508.096;2.978.280.588;3.173.294.336;3.260.825.642;4.307.544.499;4.821.490.904;5.827.755.302;;;;;
Estonia;3.044.383.709;3.352.733.741;3.619.945.496;4.052.292.271;4.119.347.394;4.070.032.827;4.498.957.027;5.308.347.781;7.174.237.415;8.850.465.115;1.033.831.322;1.259.541.065;165.864.052;1.809.454.805;1.472.631.828;1.463.860.482;1.745.484.342;1.742.189.022;1.907.223.852;1.994.958.138;1.715.587.418;177.368.027
Ethiopia;1.337.288.539;1.445.003.524;1.408.611.257;1.245.056.232;1.191.340.818;1.238.762.057;1.201.789.279;1.113.634.356;1.188.734.466;1.357.623.858;1.616.266.248;1.937.949.056;2.433.026.822;3.253.825.543;3.797.566.385;3.413.099.092;3.548.463.544;4.685.067.249;5.021.535.887;5.711.622.759;6.454.650.067;7.067.574.751
Fiji;2.540.751.518;27.142.535;2.641.064.749;2.070.165.847;2.408.165.466;2.076.013.308;2.038.891.729;2.259.055.796;2.835.973.972;3.332.918.533;3.658.630.832;3.749.939.813;407.882.327;4.177.657.789;3.369.408.247;3.651.966.784;4.353.121.392;4.546.738.504;4.763.068.956;5.045.769.926;4.921.950.723;5.233.469.423
Finland;262.734.659;257.776.413;2.467.649.708;259.894.075;2.617.879.178;2.425.325.042;2.491.324.452;2.683.402.625;3.281.616.088;3.763.611.173;3.896.917.163;4.112.067.651;482.885.491;5.340.131.487;4.710.715.571;4.620.241.516;5.079.072.415;4.741.555.987;4.963.807.713;4.991.461.864;4.242.422.081;4.343.303.222
France;2.703.797.259;2.701.525.805;2.435.942.262;2.510.136.999;2.479.929.478;224.656.411;2.252.731.812;242.752.426;2.969.118.063;3.387.474.363;3.487.972.909;3.654.450.566;4.160.058.527;4.541.306.642;4.163.113.141;4.070.334.592;4.381.020.155;4.083.802.506;4.255.412.012;4.295.524.189;3.652.677.011;3.685.711.923
Gabon;4.565.580.499;5.111.374.331;4.663.140.106;3.827.975.793;3.883.325.188;4.116.460.693;3.976.104.887;410.255.271;4.892.011.618;5.685.577.736;6.826.880.545;7.141.549.167;8.352.817.101;1.009.402.746;7.603.660.223;8.754.113.922;107.162.032;9.774.180.761;9.679.759.204;9.692.163.874;7.388.984.144;7.179.340.661
Gambia, The;7.371.787.914;7.734.393.371;7.123.318.781;7.237.948.296;6.815.374.179;6.355.637.584;5.410.558.913;4.409.474.786;3.596.521.781;4.138.398.773;4.321.929.061;4.393.423.674;5.190.452.663;6.079.479.735;5.493.108.277;5.624.825.159;5.143.738.607;5.049.740.094;4.834.863.012;4.344.656.467;4.589.690.024;4.731.904.366
Georgia;5.690.181.381;6.704.611.048;7.746.802.033;8.052.726.845;6.288.656.516;6.919.977.101;7.339.704.142;7.793.845.935;9.280.108.227;1.207.367.228;1.530.057.521;1.872.680.416;249.212.878;3.174.949.001;2.706.588.512;2.964.477.034;3.725.063.221;4.142.869.175;4.274.376.857;4.429.650.075;3.764.640.912;3.865.785.693
Germany;3.172.969.976;3.056.424.781;2.704.571.913;2.734.067.288;2.679.599.113;237.187.467;2.368.731.689;2.520.516.445;3.035.995.215;3.416.593.403;3.469.662.092;3.644.787.232;418.148.191;4.569.919.832;4.173.270.725;4.178.555.691;4.681.032.796;4.406.524.891;4.653.091.143;4.804.256.343;413.239.215;4.216.131.966
Ghana;3.857.373.195;4.035.344.405;39.135.568;414.768.461;4.177.679.907;2.631.124.679;2.736.596.668;3.094.844.703;3.732.815.537;4.231.936.389;4.981.723.904;9.229.351.677;1.090.686.718;1.224.401.554;1.086.765.038;1.312.607.557;1.574.978.653;1.629.800.222;1.814.492.297;1.432.227.943;1.361.113.905;1.513.461.034
Gibraltar;;;;;;;;;;;;;;;;;;;;;;
Greece;1.295.932.432;1.374.911.515;1.342.783.249;1.347.213.764;1.324.518.946;1.204.295.373;1.253.817.883;1.411.031.339;1.847.757.841;2.195.510.409;2.255.173.574;2.480.115.781;2.882.732.636;3.199.728.201;297.109.703;2.691.775.898;2.591.629.353;2.224.268.193;218.748.195;217.609.798;1.807.077.678;1.789.057.494
Grenada;3.413.021.979;3.640.138.938;3.878.390.386;4.401.421.321;4.751.575.978;5.117.589.923;5.109.958.715;5.292.232.379;5.773.073.577;5.836.177.063;6.754.512.393;6.766.486.756;7.324.190.513;7.947.444.327;7.395.088.125;7.365.666.659;7.410.408.438;7.583.187.002;7.956.076.548;8.569.776.998;9.333.270.231;984.176.405
Guatemala;140.803.218;1.472.276.954;1.633.972.624;1.742.081.129;160.869.289;1.655.596.261;1.568.376.276;1.701.771.491;1.753.349.471;1.872.737.083;207.783.438;225.656.724;2.489.955.836;2.794.221.809;2.635.753.474;282.552.407;3.187.845.296;3.299.605.139;3.452.828.934;3.687.763.767;3.923.573.344;4.146.744.129
Guinea;4.692.761.014;4.757.463.919;453.801.151;4.219.982.034;3.999.739.644;3.400.516.918;3.158.398.003;322.811.171;3.701.931.781;3.863.288.283;303.424.498;4.270.691.859;6.221.516.672;6.745.971.068;6.362.717.095;6.356.714.852;6.148.694.482;6.547.998.027;7.260.940.747;7.446.823.178;7.250.646.897;6.615.277.734
Guinea-Bissau;2.233.418.401;2.333.095.607;227.638.268;1.720.601.488;1.838.530.105;2.977.519.443;309.486.749;3.214.813.204;3.605.718.585;3.933.138.244;4.249.534.585;4.189.445.004;4.810.694.976;5.835.445.622;5.442.220.779;5.467.216.686;6.887.718.197;6.042.683.552;6.221.351.066;6.114.384.267;5.852.105.569;6.415.959.647
Guyana;8.165.429.329;9.258.985.582;985.046.889;9.466.703.474;9.198.665.766;9.460.599.372;9.255.825.046;9.608.674.827;9.867.958.173;104.558.861;1.098.455.216;1.945.634.348;2.327.058.324;2.576.124.957;2.764.306.295;3.044.949.129;3.438.825.411;3.799.756.292;3.941.114.697;4.031.532.007;4.160.269.275;4.529.139.412
Haiti;3.597.676.569;3.650.113.863;411.608.644;4.509.186.159;4.942.324.206;4.624.806.524;4.137.383.164;3.930.163.027;3.297.820.946;3.879.429.725;4.653.101.876;5.054.706.206;6.158.198.192;6.747.564.147;6.682.976.046;6.622.795.182;7.409.358.452;7.668.437.623;8.102.656.073;8.301.148.117;8.145.463.952;7.395.954.363
Honduras;6.850.618.746;6.874.814.199;7.734.757.317;8.401.475.797;8.451.088.226;1.088.783.165;1.130.405.046;1.132.872.001;115.730.427;1.217.657.961;1.311.741.714;1.437.628.785;1.592.572.182;1.751.595.857;1.815.489.496;193.285.829;2.120.589.469;2.178.377.385;2.136.393.851;2.242.707.459;2.326.155.856;2.361.160.205
Hong Kong SAR, China;2.349.749.231;2.481.815.455;2.733.003.335;2.580.897.095;250.916.666;2.575.666.378;2.523.021.633;24665.89;2.397.701.945;2.492.810.037;266.497.508;2.822.421.506;3.059.401.784;3.151.566.277;3.069.734.038;3.254.999.823;3.514.248.793;367.308.767;3.840.377.771;4.031.528.556;4.243.466.603;4.374.099.288
Hungary;4.494.053.034;4.525.140.121;4.595.524.506;4.750.414.875;480.295.876;4.633.312.923;5.283.034.459;6.665.961.242;8.423.350.987;1.029.633.979;1.120.597.134;1.144.781.687;1.390.750.338;1.573.973.541;1.302.988.338;1.309.223.376;1.411.812.263;1.288.830.459;1.366.770.279;1.420.144.883;1.248.386.594;128.200.882
Iceland;2.685.101.722;2.789.700.172;280.167.524;3.090.104.929;3.219.890.858;3.181.337.344;285.859.254;3.199.620.172;3.904.409.099;4.691.727.216;5.624.975.055;5.610.354.115;6.834.831.817;5.557.529.196;4.046.189.251;4.185.173.548;4.618.195.294;4.456.281.802;4.802.362.691;5.285.514.048;5.121.366.133;6.052.992.676
India;3.701.013.553;3.960.146.123;4.113.877.208;4.091.943.859;4.375.861.178;4.388.646.304;4.470.138.966;4.662.008.042;5.411.352.279;6.213.183.767;707.008.019;7.920.259.698;1.018.166.373;9.914.846.304;1.090.317.765;1.345.770.153;1.461.671.957;144.698.541;1.452.195.373;1.573.118.089;1.596.470.003;1.709.591.808
Indonesia;1.092.697.237;1.210.948.122;1.132.562.479;4.939.995.683;7.145.453.308;8.305.845.879;7.963.958.746;9.577.806.429;1.133.411.259;1.222.911.783;1.342.544.156;1.688.874.304;1.975.167.375;2.300.370.675;2.400.367.644;3.113.480.635;3.634.276.805;3.687.953.996;3.620.663.981;3.491.595.887;3.336.106.686;3.570.294.888
Iran, Islamic Rep.;1.591.716.066;1.955.146.029;1.816.586.694;1.725.756.278;1.749.827.783;1.657.169.748;1.890.991.526;1.892.036.143;2.231.342.796;2.729.838.416;3.215.653.433;3.738.689.284;4.857.368.371;5.574.410.436;5.619.117.621;653.192.743;7.729.343.353;7.832.902.635;6.036.192.088;5.540.984.136;4.862.299.729;5.219.109.408
Iraq;;;;;;;;;;1.391.816.923;1.849.603.911;2.351.812.429;3.129.224.922;452.103.247;3.735.144.836;4.502.749.048;5.854.614.497;665.112.242;6.925.224.046;6.703.074.737;497.402.693;4.609.600.694
Ireland;1.918.140.048;2.086.059.696;225.428.108;2.426.323.885;2.628.430.478;2.624.151.451;2.822.727.791;3.253.995.499;4.110.703.151;4.763.092.531;5.087.863.814;5.430.691.278;6.135.964.477;6.125.789.572;5.210.403.515;4.867.188.829;5.222.401.021;4.917.744.026;5.206.046.867;5.589.916.325;6.254.463.165;6.417.543.772
Israel;1.809.616.222;1.931.787.104;1.965.813.263;1.942.375.323;191.330.482;210.429.816;2.029.913.773;1.842.760.702;1.896.422.364;1.989.205.951;2.055.712.408;2.182.782.317;2.488.916.836;2.953.157.216;2.770.911.754;3.064.294.062;3.368.983.853;3.252.595.659;3.629.123.211;3.753.995.182;3.569.126.916;3.718.052.711
Italy;2.059.638.858;2.302.009.994;2.177.962.437;2.225.235.809;2.193.682.313;2.005.124.215;2.040.081.111;2.219.650.675;2.738.722.632;3.117.456.109;3.195.926.295;3.341.074.744;3.769.878.665;4.064.018.386;3.697.684.553;358.493.732;3.833.468.385;3.481.412.512;3.537.027.526;3.539.666.572;3.018.032.151;3.066.898.143
Jamaica;2.277.604.676;2.538.822.628;288.010.168;3.338.596.274;333.820.084;3.360.870.402;3.394.800.708;3.596.496.282;3.465.221.998;371.997.351;4.082.240.762;4.313.160.082;4.620.517.913;4.902.512.038;4.293.322.822;4.682.521.248;5.103.356.097;5.209.506.189;5.005.592.249;4.855.800.481;4.939.837.281;4.878.575.791
Japan;4.344.036.787;3.843.692.631;3.502.171.909;319.027.671;3.602.655.608;3.853.204.088;3.384.646.564;3.228.935.054;3.480.839.092;3.768.872.234;3.721.764.873;3.543.398.896;3.527.522.843;3.933.929.757;4.085.517.564;4.450.767.639;4.816.799.727;4.860.347.665;4.045.444.746;3.810.941.211;3.456.774.568;3.897.234.064
Jordan;1.471.154.136;1.469.001.548;1.499.542.259;1.605.614.581;16.249.791;1.657.889.256;1.728.260.509;1.812.288.374;1.889.213.962;2.061.456.882;2.203.083.787;253.730.049;2.762.806.354;3.385.609.665;3.492.130.906;3.679.190.275;3.807.324.145;3.870.753.211;3.992.867.107;4.066.940.775;4.096.099.275;4.087.937.517
Kazakhstan;1.288.239.052;1.350.333.866;1.445.569.414;1.468.701.798;1.130.113.592;1.229.000.958;149.092.709;1.658.030.785;2.068.124.118;2.874.288.291;3.771.278.957;529.157.565;6.771.414.797;8.513.564.645;716.527.705;9.070.649.972;1.163.442.422;1.238.718.982;1.389.085.601;1.280.656.511;1.050.998.107;7.714.693.568
Kenya;3.308.043.302;4.279.512.673;4.529.848.068;4.734.327.212;4.214.328.846;4.039.797.132;4.017.763.612;3.958.493.511;4.366.875.357;4.588.843.551;5.197.999.346;6.970.066.385;8.391.081.117;9.168.992.515;9.200.816.252;9.673.400.773;9.874.453.967;1.155.020.582;1.229.114.798;133.506.458;1.349.970.144;1.455.359.765
Kiribati;7.247.913.054;8.429.591.391;842.281.248;8.011.629.805;8.320.547.943;7.967.937.634;7.349.492.461;826.585.504;1.015.038.605;1.130.602.806;1.214.556.667;1.151.555.618;1.357.632.211;141.330.234;1.297.285.141;149.316.051;1.692.613.277;1.763.815.497;1.724.361.737;1.619.342.566;1.504.715.353;1.587.057.869
Korea, Dem. People’s Rep.;;;;;;;;;;;;;;;;;;;;;;
Korea, Rep.;1.233.297.935;1.313.790.807;121.318.747;8.085.323.528;1.040.932.689;1.194.757.913;1.125.290.755;1.278.252.553;1.420.938.852;1.590.766.583;1.863.952.221;2.088.838.015;2.306.070.788;2.043.063.946;182.919.196;2.208.695.292;2.407.978.852;2.435.878.218;2.589.001.867;2.781.136.638;2.710.507.623;2.753.880.613
Kuwait;1.688.242.146;1.930.086.144;1.769.613.876;141.268.751;1.539.134.574;1.838.938.433;1.654.096.761;1.778.941.981;2.207.156.961;2.692.108.278;3.549.026.132;4.271.755.725;4.579.397.614;5.557.199.806;3.756.730.121;3.849.761.696;482.685.912;5.126.407.134;4.839.990.581;4.299.640.812;2.910.906.874;2.735.923.033
Kyrgyz Republic;3.642.264.974;3.948.601.215;3.764.296.133;3.451.381.316;25.804.934;2.796.205.233;3.084.087.767;321.726.538;3.805.073.624;4.332.351.189;47.655.213;5.431.107.024;7.217.686.908;9.663.936.272;8.712.243.893;8.800.377.751;1.123.883.168;1.177.974.735;1.282.437.162;1.279.769.783;1.121.082.835;1.077.603.082
Lao PDR;3.634.716.183;3.779.712.559;3.454.969.431;2.485.413.984;2.774.951.028;3.248.450.496;3.266.408.434;3.198.270.584;3.626.252.958;4.177.516.561;4.754.164.695;5.903.013.108;709.767.087;8.994.950.787;9.481.276.421;1.141.127.115;1.381.425.606;1.588.633.147;183.880.602;2.017.587.781;2.159.433.152;2.338.692.157
Latvia;2.329.270.854;2.429.591.085;2.682.316.453;2.977.148.772;3.151.325.802;3.352.731.296;357.280.513;4.132.349.207;5.134.905.694;6.351.080.125;7.558.742.006;96.679.757;1.404.401.589;1.634.853.121;1.221.937.379;1.132.621.947;1.370.268.947;1.382.280.559;1.503.228.201;1.571.636.907;1.363.969.412;1.407.102.723
Lebanon;386.326.192;445.796.016;5.093.290.745;5.538.680.283;5.509.346.429;5.334.903.329;5.253.122.599;5.436.595.223;542.566.907;542.422.356;5.339.441.291;5.372.065.899;6.014.271.115;7.109.466.413;8.480.945.504;8.858.283.977;8.734.189.185;8.922.896.752;8.721.254.215;8.536.682.494;8.452.443.641;8.257.294.391
Lesotho;5.688.163.838;5.293.669.607;5.512.410.588;5.069.946.049;4.932.493.774;4.748.197.906;4.378.190.154;4.078.093.907;6.036.362.783;7.815.145.954;8.629.463.084;9.157.757.486;9.185.406.962;9.353.941.391;9.241.059.321;1.169.267.842;1.350.677.653;1.281.620.558;1.192.998.772;1.218.466.106;1.152.319.585;1.039.704.072
Liberia;6.501.141.558;7.274.622.475;1.254.627.472;1.409.609.018;1.615.641.221;1.834.149.991;1.741.815.473;1.772.851.087;1.334.945.108;1.494.452.549;1.686.480.254;178.927.099;2.103.733.292;232.061.732;3.030.667.491;3.274.205.097;3.796.895.803;4.150.361.958;4.541.222.236;4.584.651.734;4.520.380.717;4.553.707.414
Libya;5.161.683.342;5.537.183.816;5.999.026.651;524.488.031;6.821.312.519;7.145.628.494;6.269.580.123;3.705.442.638;4.676.967.503;5.806.083.604;8.171.361.651;9.344.987.518;1.130.856.661;1.439.604.865;1.029.697.353;1.212.056.217;5.602.549.434;;;;;
Lithuania;2.168.796.099;2.328.153.808;2.830.737.533;3.166.895.648;3.113.546.428;3.297.354.701;3.530.147.337;4.146.987.928;5.505.535.669;6.706.966.998;7.863.162.009;9.240.642.548;1.229.791.535;1.496.156.818;1.183.739.103;1.198.486.857;1.435.773.523;1.434.118.163;1.569.378.673;1.654.512.267;1.428.912.057;1.491.268.654
Luxembourg;5.283.125.237;5.257.193.499;4.704.234.711;4.758.446.439;516.544.028;4.873.599.549;4.817.942.085;5.293.064.115;6.544.588.503;7.571.635.108;8.028.969.641;897.397.117;1.060.184.928;1.142.938.433;1.031.986.693;1.049.653.061;1.157.615.077;1.067.490.136;1.136.251.329;119225.38;1.014.467.863;1.007.386.842
Macao SAR, China;1.813.919.623;1.809.740.061;1.795.794.638;1.645.133.864;1.550.527.875;1.570.285.553;1.554.787.353;1.631.263.772;1.780.959.815;2.245.319.235;2.505.853.593;2.997.985.447;3.640.256.051;4.066.788.423;4.088.138.064;5.237.479.445;6.681.334.974;7.649.636.619;8.952.484.436;9.400.438.983;7.548.428.658;7.401.718.471
Madagascar;2.344.940.582;2.873.565.596;2.471.294.102;2.524.652.058;2.432.527.515;2.459.390.659;2.785.557.032;2.622.859.481;3.167.998.965;2.451.235.876;2.748.197.023;2.921.507.443;3.778.482.928;470.733.254;4.156.893.226;4.127.309.341;454.963.464;4.439.061.001;4.617.230.722;4.524.631.926;4.020.883.072;4.017.422.696
Malawi;1.410.279.061;2.256.262.847;2.565.276.762;1.635.335.012;1.607.990.288;1.532.595.087;1.467.615.397;2.909.798.977;2.601.052.517;2.742.256.294;2.803.673.842;2.976.971.211;3.202.227.274;372.842.678;4.207.379.657;4.588.681.744;5.121.254.051;3.745.018.802;3.329.223.039;3.547.253.961;3.626.575.444;3.003.076.651
Malaysia;4.328.000.018;4.797.291.371;4.637.320.481;3.263.520.983;3.493.465.229;4.045.170.471;3.915.115.046;4.167.364.387;4.463.675.893;4.955.477.743;5.593.822.995;6.222.982.955;726.917.114;8.513.629.541;7.326.744.435;9.071.356.987;1.040.512.062;1.077.950.751;108.822.891;1.118.372.943;9.648.553.455;950.823.775
Maldives;1.570.315.705;1.736.735.195;1.923.086.188;200.625.691;2.146.718.037;2.226.721.729;303.169.994;3.047.591.909;3.481.435.219;3.952.121.991;3.648.780.045;4.811.667.469;5.559.506.828;6.583.451.252;6.615.763.788;7.100.405.909;7.395.687.794;7.473.195.626;8.291.485.293;9.056.653.433;95.757.707;9.875.278.428
Mali;2.817.886.811;282.081.344;266.668.047;2.813.221.274;32.253.868;2.693.483.829;3.068.473.237;3.342.024.016;3.917.912.801;4.393.572.924;4.879.402.556;5.216.425.796;5.956.368.319;6.896.784.228;6.970.153.124;7.083.707.632;8.350.889.098;7.773.476.868;8.038.935.757;8.482.279.485;7.499.501.571;7.799.448.438
Malta;9.114.358.065;9.397.800.918;9.679.882.857;1.018.367.599;106.489.889;1.103.905.651;1.102.178.636;1.184.393.902;1.368.998.999;1.510.905.497;1.583.534.667;166.715.672;193.755.696;2.192.870.067;2.067.558.259;2.108.779.469;2.283.336.127;2.194.211.474;2.396.449.551;2.624.877.189;2.381.608.514;2.514.539.315
Marshall Islands;2.356.757.816;2.156.728.468;2.056.200.186;2.093.444.391;2.073.367.384;212.691.386;2.206.697.584;2.391.485.486;2.434.714.867;2.522.076.276;2.649.670.541;2.763.739.007;2.891.928.956;2.925.977.632;2.917.001.147;3.146.763.948;3.297.558.144;3.516.899.911;3.614.130.661;3.461.781.164;3.390.910.292;3.665.207.477
Mauritania;6.081.869.747;6.017.734.654;5.672.228.466;5.394.253.598;5.347.159.444;4.774.761.024;464.229.758;4.609.542.322;5.285.806.613;602.547.286;6.977.451.989;9.441.304.851;101.331.028;1.167.535.733;1.046.837.935;1.203.383.663;1.393.261.734;1.364.283.926;1.450.577.949;1.326.668.654;1.158.256.371;1.101.901.627
Mauritius;3.599.555.202;3.899.435.192;3.646.630.626;3.593.234.081;3.651.232.286;3.861.032.414;3.792.182.152;3.957.512.906;4.623.347.642;5.229.876.738;5.116.045.424;5.695.969.327;6.574.654.338;8.030.063.005;731.812.641;8.000.376.432;9.197.026.972;9.291.227.619;963.700.265;1.015.393.822;9.260.447.303;9.630.944.028
Mexico;3.655.597.592;4.153.147.901;4.939.823.744;5.079.972.214;5.777.231.681;6.720.902.113;7.031.378.864;7.106.082.019;6.751.998.987;7.199.059.665;7.986.798.439;8.767.920.258;9.330.341.687;9.689.052.887;7.748.123.301;8.959.581.416;9.834.472.689;9.820.532.572;1.029.886.766;1.045.278.353;9.152.872.306;8.208.555.984
Micronesia, Fed. Sts.;2.065.004.277;201.991.527;1.906.880.058;2.029.289.159;2.046.639.645;217.092.021;2.240.021.462;2.257.773.665;229.626.086;2.252.803.138;2.355.544.465;2.397.451.838;2.441.501.551;2.516.018.683;2.693.023.278;2.861.771.348;3.000.948.119;3.150.910.602;3.047.584.425;305.724.559;3.018.008.675;3.143.749.107
Moldova;4.769.873.795;4.621.720.076;528.177.763;4.488.413.622;3.210.267.965;3.540.037.319;4.077.302.432;4.586.778.168;5.482.896.867;7.209.409.321;8.312.052.862;9.506.482.044;1.230.434.685;1.695.972.811;1.525.526.119;1.631.535.832;1.970.571.373;2.046.536.787;2.243.979.662;2.244.763.762;1.832.499.052;1.900.226.088
Monaco;1.019.931.224;1.013.287.946;9.088.292.188;9.309.325.854;9.138.394.049;8.253.487.377;8.255.256.745;8.906.105.067;1.089.784.897;1.233.820.149;1.266.555.981;1.355.350.024;1.701.566.944;1.929.891.895;152.111.598;1.442.463.688;1.620.098.778;;;;;
Mongolia;6.319.148.653;5.809.110.949;505.602.916;4.773.497.294;4.450.069.434;4.742.133.361;5.240.145.924;571.501.883;6.460.561.295;7.978.377.432;9.988.226.671;1.334.651.896;1.634.081.431;2.139.625.631;1.717.898.761;2.650.353.648;3.769.595.269;4.368.082.248;4.385.379.355;4.181.583.313;3.946.962.075;3.694.082.552
Montenegro;;;;;;1.627.042.893;1.909.583.957;2.106.243.274;278.910.735;3.380.199.535;3.674.617.924;4.383.595.097;5.957.145.693;7.367.751.909;6.727.107.767;6.682.281.158;7.318.742.449;6.586.719.209;7.186.429.787;7.378.345.289;6.514.272.695;7.028.934.799
Morocco;1.428.066.182;1.556.786.387;1.393.224.149;1.469.031.945;1.444.989.055;1.332.382.358;1.336.775.376;1.413.757.176;1.721.973.863;1.948.812.275;2.013.755.559;2.191.478.567;2.494.353.552;288.494.776;2.861.554.005;283.420.472;3.039.916.016;2.904.746.728;3.111.762.887;3.160.250.851;2.864.092.915;2.892.775.561
Mozambique;1.600.176.177;2.168.754.283;2.531.096.478;284.373.291;301.539.472;2.776.486.591;2.564.414.872;2.628.840.551;2.838.911.588;3.363.318.145;3.691.545.359;3.857.567.141;4.221.461.573;5.031.277.109;463.852.618;4.192.258.149;5.265.313.517;5.660.513.873;6.059.856.081;6.232.871.141;5.283.139.758;3.820.693.304
Myanmar;;;;;;1.931.874.804;1.389.249.275;1.437.760.051;219.782.326;2.198.156.688;2.472.427.006;2.969.007.284;4.104.500.001;6.439.513.703;7.410.777.116;9.877.365.832;1.186.423.937;1.175.561.788;1.171.464.477;1.260.422.411;1.138.992.271;1.195.515.372
Namibia;2.381.645.435;231.196.379;2.332.383.578;2.113.442.775;2.055.364.975;2.057.995.057;1.834.294.086;1.713.047.594;248.236.862;3.288.257.373;3.573.146.387;3.881.209.535;4.202.510.968;4.029.065.061;4.153.497.885;5.191.583.081;5.600.971.392;5.749.404.752;5.490.041.312;5.392.712.419;4.770.500.939;4.414.978.947
Nauru;;;;;;;;;;;;;2.028.063.733;3.914.956.935;4.416.728.353;4.912.599.558;7.233.946.609;10.099.422;1.003.618.321;9.872.638.314;8.052.888.385;7.821.298.918
Nepal;2.056.938.414;2.064.330.066;219.684.466;2.124.689.465;2.159.805.921;2.314.255.004;2.486.183.539;2.463.075.621;2.537.200.412;2.874.001.056;317.089.198;3.486.314.534;3.938.843.518;4.738.444.409;4.807.200.909;5.921.835.216;6.921.166.842;6.817.925.868;6.886.172.788;7.062.386.977;7.471.604.624;7.291.222.515
Netherlands;2.888.471.352;2.869.866.602;2.640.498.673;2.753.360.679;2.795.173.429;2.592.112.794;2.658.412.169;2.881.732.321;3.524.516.407;3.995.464.222;4.157.716.009;4.445.397.119;5.124.131.562;5.692.882.048;5.190.034.009;5.033.825.483;5.354.060.536;4.947.470.561;5.157.448.942;5.215.740.687;4.474.633.405;4.563.788.675
New Zealand;1.740.042.018;1.879.443.604;1.747.402.032;1.473.844.557;1.532.208.851;1.364.110.272;1.388.285.683;1.687.431.232;2.191.370.817;2.542.039.935;2.775.089.515;2.667.086.452;3.250.973.471;3.128.777.865;2.820.094.193;3.369.134.837;3.842.655.081;3.997.025.624;4.289.006.602;4.450.361.464;3.820.189.037;3.941.248.525
Nicaragua;8.977.158.111;9.165.187.095;9.171.288.401;9.518.733.523;9.810.204.892;1.016.020.743;1.043.600.758;1.010.147.277;1.015.565.314;1.091.505.157;1.175.116.225;1.240.992.617;1.344.301.871;1.518.805.386;1.464.497.754;1.526.497.938;1.682.957.924;1.792.038.045;1.847.198.049;1.975.464.707;2.095.966.488;2.151.382.047
Niger;1.984.528.096;2.024.214.038;1.812.955.353;1.967.250.241;1.843.464.766;1.584.055.972;1.652.507.247;1.778.208.384;2.158.050.408;2.325.661.574;2.500.383.731;2.580.463.873;29.255.962;3.548.185.998;3.412.894.618;348.151.511;3.755.819.866;3.915.155.024;4.161.400.838;429.790.889;3.627.521.263;3.641.654.618
Nigeria;2.642.956.342;3.159.670.713;3.155.522.291;2.749.873.911;3.006.090.075;3.791.193.264;3.517.996.666;4.594.572.117;512.650.719;6.488.150.852;8.078.938.738;1.019.743.286;1.136.829.645;1.383.893.354;1.097.661.422;232.732.067;2.527.942.003;2.755.297.787;2.996.964.302;3.221.678.116;2.655.157.977;2.175.673.442
Norway;3.487.519.739;3.732.144.339;3.662.851.742;3.478.877.856;3.637.139.579;3.814.671.539;3.854.958.934;4.306.115.038;5.011.165.445;5.757.026.916;667.753.944;7.411.469.715;8.517.086.217;9.700.794.189;8.006.717.664;8.777.026.684;1.007.112.248;1.016.681.707;1.030.592.482;971.999.191;7.449.813.764;7.086.794.061
Oman;6.261.719.017;6.830.596.669;7.039.577.431;6.254.953.411;6.967.059.664;8.601.185.906;8.476.610.511;8.629.101.774;9.069.810.206;1.012.928.886;1.237.697.936;144.080.505;1.580.513.226;2.207.503.536;1.678.434.616;1.928.074.735;2.098.600.036;2.213.491.007;2.126.875.637;2.045.845.227;166.273.643;1.498.235.792
Pakistan;493.661.508;5.027.867.074;4.836.529.366;4.702.489.295;4.650.757.661;5.338.624.114;5.106.568.157;4.998.600.033;563.594.342;6.498.048.233;7.114.699.463;8.737.702.727;9.504.327.931;1.039.312.088;1.006.603.999;1.040.142.268;1.226.215.314;1.261.208.967;1.272.441.061;1.316.980.966;1.428.637.628;1.443.625.016
Palau;5.520.025.503;6.116.273.812;6.246.923.798;6.333.405.312;6.011.176.439;7.709.653.194;8.150.860.647;8.256.626.137;8.018.411.168;8.754.488.992;9.611.499.046;9.648.505.896;968.219.825;9.724.713.269;9.187.449.612;8.956.282.364;9.712.456.915;1.036.203.391;1.089.924.474;1.168.276.761;1.398.183.953;1.442.814.026
Panama;3.494.436.934;352.978.532;3.741.242.759;3.974.650.657;4.082.614.583;4.060.299.035;4.046.372.833;4.126.140.671;426.713.578;4.591.892.776;491.654.886;5.348.518.399;6.068.086.607;697.392.804;7.429.628.274;7.937.259.931;9.270.723.171;1.058.982.713;1.168.597.983;1.259.373.704;1.313.404.367;1.368.023.601
Papua New Guinea;9.472.521.533;1.026.490.809;9.576.510.705;7.161.785.447;640.286.085;6.319.468.526;5.390.031.987;5.116.597.331;5.883.503.924;6.373.686.654;7.705.648.783;1.283.770.364;1.440.130.304;1.719.516.327;1.672.490.908;2.004.818.112;2.474.061.846;2.865.873.252;2.800.169.029;2.965.989.284;2.659.263.507;2.500.091.116
Paraguay;1.903.469.193;2.009.650.315;2.000.911.081;1.773.239.886;1.614.903.106;1.545.626.423;1.417.260.582;1.148.229.882;1.174.779.347;1.408.527.976;1.507.145.691;1.809.710.539;2.312.192.926;3.059.992.184;2.599.596.259;3.225.591.754;3.988.011.894;3.855.537.735;4.479.905.858;4.712.822.736;4.109.367.724;4.077.742.073
Peru;2.217.784.681;2.260.637.733;234.206.999;2.202.461.226;1.963.410.567;1.996.719.689;1.981.243.653;2.059.192.958;2.180.250.997;2.448.143.899;2.754.780.029;3.171.498.056;361.121.047;4.208.878.011;4.166.093.387;5.022.493.191;5.771.565.878;6.387.785.281;6.583.116.248;649.105.245;6.030.343.259;6.049.232.578
Philippines;1.061.347.868;1.159.589.292;1.127.003.716;966.708.438;1.087.237.365;1.038.910.977;9.572.807.441;1.000.068.135;1.010.553.196;107.903.715;1.194.697.155;1.391.772.325;1.672.685.433;1.919.466.195;1.825.341.521;2.129.499.247;2.352.518.156;2.581.818.554;2.760.289.146;2.842.938.353;287.833.837;2.951.071.929
Poland;3.682.791.215;4.140.983.541;4.116.926.243;4.510.413.117;4.389.976.415;4.492.727.604;4.981.198.619;5.196.932.921;569.352.416;6.681.178.818;8.021.251.569;9.040.770.206;1.126.031.852;1.400.144.688;1.154.202.029;1.259.786.239;1.389.069.624;1.314.352.122;1.378.019.061;1.433.967.455;1.256.448.353;1.241.409.873
Portugal;1.178.252.148;1.218.506.389;1.157.844.151;1.220.269.141;1.247.481.808;1.150.239.681;1.172.914.616;1.288.228.897;157.727.334;180.455.881;187.849.485;1.982.144.463;2.278.005.845;2.481.560.884;2.306.397.161;2.253.865.408;2.319.618.375;2.057.740.264;2.161.873.534;2.207.753.613;1.925.263.495;1.987.171.897
Puerto Rico;11.579.185;1.217.316.369;1.281.764.496;1.430.440.499;1.522.099.134;1.619.212.697;181.231.987;1.873.145.939;1.955.712.025;2.098.899.233;219.593.227;2.293.594.116;2.366.488.235;2.489.833.884;2.576.873.605;2.643.574.019;2.727.887.489;2.794.473.389;2.851.316.574;2.898.145.733;2.969.712.779;3.079.010.479
Qatar;1.584.931.879;1.734.495.693;211.328.714;1.863.178.792;2.176.345.098;2.998.629.015;2.843.063.635;2.999.065.492;3.417.698.183;4.181.835.256;5.148.849.529;6.025.655.926;6.700.561.258;8.296.737.228;6.147.823.813;7.030.622.784;8.594.807.046;8.856.482.298;8.830.487.958;8.685.271.019;6.634.652.267;5.932.433.877
Romania;1.660.272.768;164.388.046;1.589.014.061;1.864.991.387;161.013.437;1.668.162.731;183.972.945;2.124.873.613;2.774.955.806;355.292.452;4.676.315.183;5.828.745.662;8.214.185.378;1.013.647.356;8.220.108.329;8.297.483.621;9.200.277.825;8.558.397.606;9.585.266.593;1.002.027.733;8.978.389.254;9.522.771.041
Russian Federation;2.665.739.722;2.643.897.696;2.737.556.662;1.834.846.937;1.330.751.464;1.771.586.602;2.100.362.386;2.375.059.044;2.975.132.778;4.102.372.294;5.323.473.877;6.920.194.398;9.101.253.085;1.163.526.037;8.562.809.598;1.067.498.771;1.435.121.205;1.543.457.478;1.600.708.999;1.412.590.873;9.329.290.713;8.748.368.853
Rwanda;2.182.047.893;2.260.501.885;2.838.776.235;2.817.841.627;2.393.781.268;216.172.747;2.010.569.654;1.965.097.078;2.126.619.491;2.369.114.381;2.870.931.877;3.423.656.294;4.048.533.039;5.006.687.264;5.391.538.211;5.634.910.487;6.173.107.648;6.780.796.973;6.888.768.557;7.065.699.517;7.103.483.907;7.028.356.016
Samoa;1.321.519.135;1.459.041.298;1.657.833.377;1.557.867.761;1.489.647.875;1.540.689.023;1.555.474.051;1.631.417.027;1.907.209.417;2.351.033.814;2.571.286.691;2.807.954.274;3.022.561.555;3.509.761.499;3.035.068.269;3.453.434.298;3.942.051.645;4.234.640.751;4.219.024.862;4.179.049.934;4.149.411.429;4.030.013.144
San Marino;;;;;4.486.289.451;4.018.882.018;4.180.629.631;4.457.626.257;5.616.801.668;650.359.605;6.698.740.092;70.662.039;8.300.916.459;9.068.258.101;7.691.815.358;6.875.836.862;6.521.361.899;5.640.399.483;5.774.616.607;5.651.351.608;4.761.098.508;4.790.856.141
Sao Tome and Principe;;;;;;;5.100.216.381;5.558.185.378;6.493.402.153;6.933.045.683;810.860.157;8.438.009.447;8.940.927.988;1.126.462.102;1.099.571.046;1.129.754.961;1.304.326.189;1.380.949.959;1.619.532.678;1.824.160.311;1.615.320.711;1.714.680.184
Saudi Arabia;7.650.739.369;8.293.220.703;8.508.518.662;73.821.606;7.968.548.574;9.126.954.277;8.643.494.005;8.655.311.531;9.567.458.285;1.113.880.746;1.373.982.945;1.533.466.994;1.647.216.605;2.003.783.234;160.942.931;1.925.958.726;2.377.074.739;2.530.309.462;2.493.438.614;2.457.540.304;2.065.324.205;2.002.864.821
Senegal;5.577.842.575;5.644.959.826;5.080.726.031;5.340.979.161;5.332.851.225;4.734.500.338;4.812.870.397;513.026.227;6.427.663.113;7.330.581.811;7.738.698.713;8.098.038.296;9.503.978.522;1.101.202.117;1.021.037.864;100.252.994;1.081.939.254;1.038.077.646;1.051.750.745;1.052.127.482;9.107.747.772;9.527.683.234
Serbia;2.196.618.467;2.749.966.439;3.178.831.484;2.416.069.077;2.441.430.389;8.701.365.252;1.634.875.061;2.149.909.404;2.832.490.652;3.331.228.766;3.528.131.008;4.129.758.741;5.458.121.718;6.701.773.913;5.821.305.397;5.411.877.404;6.423.291.783;5.659.380.204;6.353.826.383;6.200.173.221;5.237.255.334;5.426.198.279
Seychelles;6.748.931.109;6.583.201.018;7.280.989.621;7.715.918.147;7.747.612.159;7.578.851.053;766.313.708;8.331.261.997;8.524.961.236;1.017.665.871;1.109.251.074;1.201.439.987;1.215.482.994;1.112.286.207;970.695.606;1.080.468.447;1.218.909.516;1.284.517.363;1.568.734.795;1.557.077.892;1.539.004.064;1.507.571.944
Sierra Leone;2.036.948.791;2.199.124.669;1.974.746.069;1.544.397.334;1.508.369.725;1.393.147.734;2.277.790.471;2.499.395.402;2.637.618.312;2.631.045.817;2.876.891.942;322.313.468;3.588.274.716;4.063.759.178;3.945.932.439;4.051.284.018;445.052.005;5.618.984.239;7.108.186.998;7.084.427.474;5.875.162.611;5.052.045.112
Singapore;2.493.683.083;2.626.301.627;2.638.645.745;2.182.403.558;2.179.569.696;2.379.260.707;2.157.707.823;2.201.683.279;2.357.362.804;2.740.527.136;2.986.985.398;3.357.985.948;3.922.358.187;3.972.104.818;3.857.755.822;4.656.967.951;5.316.667.581;5.443.116.199;5.602.918.914;5.633.607.234;5.362.973.746;5.296.249.157
Slovak Republic;4.799.151.051;5.177.748.864;5.138.148.679;5.533.588.845;5.636.579.532;5.402.929.754;5.708.082.659;6.524.861.878;8.696.913.242;1.065.479.371;1.166.941.975;1.313.903.218;1.605.773.314;1.865.035.912;1.651.298.197;1.660.061.359;1.818.715.744;172.746.423;1.819.161.279;1.862.977.966;1.613.286.031;1.652.954.097
Slovenia;1.069.066.523;1.080.142.843;1.044.793.571;1.116.527.633;1.144.199.702;1.022.773.677;1.047.929.634;1.181.409.994;1.488.047.154;1.726.090.151;1.816.918.091;197.261.265;2.384.131.792;2.750.181.027;2.463.379.785;2.343.747.202;2.498.524.827;2.253.243.564;233.579.392;2.420.243.084;2.087.316.111;2.165.021.276
Solomon Islands;1.445.706.999;1.529.664.872;1.494.733.483;1.206.157.561;1.200.917.702;1.054.518.572;94.481.684;7.849.562.874;7.447.657.423;818.442.619;8.808.748.508;9.486.592.511;1.046.931.125;1.205.791.067;1.158.282.672;1.272.448.025;1.642.837.974;1.858.689.868;18.805.159;2.009.652.622;1.922.041.388;2.005.483.643
Somalia;;;;;;;;;;;;;;;;;;;4.075.432.354;4.178.900.143;4.260.098.537;4.342.088.097
South Africa;3.693.681.705;3.440.864.223;3.495.111.222;310.497.641;3.032.305.397;2.982.000.426;2.621.554.437;2.461.355.087;3.678.102.817;4.745.071.685;5.277.925.459;5.506.196.503;5.994.195.403;569.505.786;5.831.115.574;7.275.382.112;7.976.466.077;7.478.225.699;6.822.164.389;6.437.877.976;5.744.324.157;5.274.546.008
South Sudan;;;;;;;;;;;;;;1.678.711.862;1.264.789.908;1.562.239.346;1.706.090.713;9.584.550.081;1.186.101.325;1.151.861.715;7.587.205.782;
Spain;1.542.993.942;1.606.920.709;1.469.621.611;1.534.033.211;1.567.821.523;1.467.670.609;153.236.114;1.701.953.541;2.149.570.741;2.491.864.584;2.651.071.745;2.848.260.948;3.270.940.104;3.557.930.993;3.233.400.548;3.073.662.785;318.352.888;2.856.385.904;2.921.177.375;2.962.316.445;2.578.951.955;266.164.881
Sri Lanka;7.140.686.775;7.564.580.666;8.168.164.858;8.505.318.591;8.386.223.944;8.694.956.921;8.325.588.021;8.676.360.437;9.826.418.822;1.066.588.484;1.250.028.424;1.437.701.974;1.632.961.131;2.041.219.053;2.095.443.968;2.808.434.185;3.214.013.618;3.350.521.375;3.610.289.374;3.820.540.994;384.489.123;3.835.394.817
St. Kitts and Nevis;6.987.472.119;7.348.879.786;8.147.554.671;8.235.563.259;8.700.348.672;9.267.754.831;1.002.561.596;1.035.827.264;9.847.603.679;1.047.636.342;111.737.604;1.292.863.314;1.353.892.858;1.468.136.684;1.421.233.957;1.370.425.445;1.448.344.351;1.396.555.811;1.482.374.859;1.577.584.594;1.617.818.869;1.659.682.639
St. Lucia;435.549.576;4.444.150.393;4.480.558.044;4.814.861.237;5.000.482.141;4.996.267.719;4.693.861.534;4.684.104.534;5.117.859.195;5.504.479;5.810.177.324;6.856.986.885;7.636.496.032;7.577.209.593;7.384.859.301;8.007.696.484;8.270.541.758;8.218.053.212;8.481.890.521;879.669.108;9.306.358.868;9.364.821.525
St. Vincent and the Grenadines;2.922.702.886;3.067.219.095;3.219.973.334;3.461.943.365;3.621.794.106;3.672.635.267;3.982.297.759;4.270.924.902;4.446.758.618;4.808.215.911;5.064.451.065;5.609.648.939;5.977.544.851;6.370.437.886;6.177.610.514;6.231.770.232;6.183.676.822;6.338.117.781;6.597.211.381;6.650.061.128;6.899.691.708;7.006.596.196
Sudan;4.678.137.011;2.968.743.719;3.741.136.199;3.504.396.796;3.235.717.952;3.610.305.843;3.775.254.454;4.121.517.561;4.777.384.078;5.650.569.459;6.797.539.949;8.938.793.645;11.156.952;1.291.528.826;1.226.884.381;1.476.478.087;1.666.857.757;1.892.894.352;1.955.660.799;2.176.898.029;2.513.884.661;2.415.038.162
Suriname;1.563.969.017;1.912.360.173;2.038.818.609;2.047.404.454;1.896.013.914;188.861.829;1.598.077.512;2.232.513.244;2.603.139.009;300.648.773;3.595.088.055;520.790.002;576.139.536;6.858.163.158;7.443.850.178;830.331.332;831.897.692;9.272.413.453;9.484.568.098;9.564.406.383;8.724.723.897;5.871.442.003
Swaziland;1.768.314.513;1.632.530.935;1.709.868.987;1.536.930.273;1.480.338.095;1.637.450.072;1.437.634.908;1.324.996.184;2.020.993.994;2.529.633.535;2.873.862.091;2.937.360.743;3.047.488.037;284.243.853;3.032.517.049;3.690.239.228;3.934.273.373;3.864.760.436;3.587.000.316;3.379.896.499;3.047.946.756;2.770.199.475
Sweden;2.991.433.175;325.872.641;2.989.779.263;3.014.362.746;3.057.708.177;2.928.300.505;2.696.924.457;2.957.170.446;3.696.142.537;4.244.222.045;4.308.535.315;462.564.716;5.332.437.937;5.574.684.238;462.070.592;5.207.625.591;5.959.328.711;5.713.407.707;6.028.324.522;5.918.019.898;5.081.219.086;5.184.476.126
Switzerland;4.866.243.977;4.667.685.094;4.041.796.228;4.149.720.261;4.058.130.705;3.786.832.306;3.853.899.005;4.137.639.399;4.808.758.314;5.334.014.766;5.495.267.372;5.757.950.195;635.552.375;7.248.784.593;6.992.746.877;7.460.572.102;8.841.562.806;8.353.823.008;851.124.644;8.660.556.338;8.201.602.131;7.988.751.824
Syrian Arab Republic;794.445.153;9.345.505.657;9.557.091.761;9.742.751.917;9.911.204.287;1.177.629.268;1.258.421.953;1.263.013.455;1.253.391.403;1.408.852.738;1.577.457.182;1.762.246.107;2.058.035.209;;;;;;;;;
Tajikistan;2.136.313.201;1.784.572.911;1.553.419.848;2.192.285.699;1.776.921.724;1.384.366.033;1.708.159.721;1.893.878.519;2.363.014.438;3.092.801.834;337.359.236;4.042.872.665;520.035.956;7.060.914.128;6.663.458.569;7.383.475.227;8.345.412.953;9.547.205.253;1.040.214.412;1.104.459.019;9.186.771.543;7.958.438.644
Tanzania;1.804.650.233;2.169.327.932;249.931.287;2.963.409.541;2.997.867.537;3.067.238.273;304.339.284;3.080.565.528;3.230.721.066;345.189.237;4.422.528.543;4.715.273.761;528.063.562;6.512.624.387;6.587.579.527;7.016.045.501;7.334.128.065;8.201.562.898;9.017.314.303;9.503.743.138;8.722.954.949;877.507.612
Thailand;2.845.410.314;3.042.903.989;2.467.492.895;1.845.466.238;2.032.992.147;2.007.564.826;1.893.145.377;2.096.054.617;2.358.930.629;2.659.839.108;2.893.651.356;3.368.952.576;3.972.206.475;4.378.687.406;4.212.054.902;5.075.302.176;5.491.159.981;5.859.915.622;6.171.262.444;594.184.071;5.814.863.134;5.910.620.932
Timor-Leste;;;;;;4.020.066.527;4.812.947.703;4.577.900.166;4.480.615.951;4.443.430.043;4.545.957.016;419.622.201;4.988.491.398;6.117.759.685;7.197.315.431;8.060.627.745;9.310.460.326;1.027.784.502;1.190.510.366;1.196.061.391;129.454.454;1.405.387.212
Togo;3.063.583.371;333.189.857;3.305.621.437;3.392.473.068;3.266.040.699;2.603.932.935;2.606.394.652;2.808.032.123;3.104.370.144;3.499.937.253;3.721.721.837;377.336.029;4.207.604.743;513.391.914;4.996.468.713;4.879.238.913;5.623.393.592;5.636.894.247;579.434.805;6.201.318.489;5.511.308.346;5.784.616.936
Tonga;210.819.574;2.278.570.599;2.193.384.592;1.942.523.265;201.541.817;2.063.207.236;1.837.977.391;1.842.404.421;2.029.714.718;2.284.307.858;259.474.999;2.892.522.663;2.932.315.883;3.392.887.992;3.070.987.247;3.548.068.399;4.044.979.721;4.500.750.362;4.278.884.567;4.196.470.593;4.093.849.585;3.748.641.794
Trinidad and Tobago;4.246.382.404;4.577.004.528;4.551.321.854;478.692.537;5.383.552.427;6.430.947.262;6.935.721.451;7.049.626.612;8.804.518.666;1.029.051.914;1.232.312.705;1.409.596.337;1.653.018.044;2.118.811.857;145.088.796;1.668.394.578;1.905.397.067;1.915.205.301;1.960.778.678;1.932.527.739;1.732.178.762;1.604.052.424
Tunisia;1.978.376.789;2.116.167.296;2.210.786.913;2.295.237.988;2.389.036.036;2.213.914.088;2.254.933.126;234.605.937;2.761.969.249;3.112.835.029;3.194.562.243;337.171.231;3.778.184.171;4.310.093.026;4.129.977.335;414.015.177;425.691.279;413.754.814;4.199.084.678;4.270.307.423;3.828.100.633;3.688.646.375
Turkey;2.897.870.208;3.053.950.828;3.144.389.453;4.496.503.169;4.108.127.878;4.316.553.895;3.119.603.167;3.660.069.826;4.718.456.754;604.088.491;7.384.258.482;8.034.606.676;9.709.720.022;1.085.087.039;9.036.266.711;1.067.205.482;1.134.113.134;117.203.077;1.254.293.076;1.212.722.567;1.098.477.076;108.626.004
Turkmenistan;5.899.056.142;5.549.547.151;5.625.765.411;5.903.934.846;5.487.268.759;6.431.750.108;7.744.763.388;9.679.017.468;1.283.885.977;1.453.917.166;170.451.475;213.666.815;2.600.371.428;3.904.467.675;4.036.459.223;4.439.203;5.649.978.486;6.675.262.954;7.304.420.525;7.962.365.824;6.432.668.768;6.389.334.143
Turks and Caicos Islands;;;;;;;;;;;;;;;;;;;;;;
Tuvalu;1.194.576.939;133.263.248;1.369.074.641;1.370.904.026;1.464.648.593;1.458.817.097;1.387.357.543;1.603.631.992;1.866.599.625;2.176.564.747;217.802.921;2.259.333.279;2.638.911.845;292.942.164;2.595.639.908;3.021.889.528;3.698.910.096;3.718.018.711;3.542.135.089;3.415.813.158;2.970.027.974;3.083.615.251
Uganda;2.800.845.471;2.850.934.669;2.867.169.623;2.919.864.072;2.577.477.999;2.576.303.609;2.349.840.775;2.402.423.229;2.379.995.917;2.880.236.949;3.157.880.227;3.364.593.923;4.018.508.631;4.496.928.183;554.404.991;5.952.061.732;5.749.402.639;6.371.300.089;6.550.496.074;7.028.808.064;674.044.972;5.803.835.385
Ukraine;9.359.680.914;8.727.091.855;9.912.301.007;8.352.602.988;6.357.662.418;6.357.089.635;7.807.380.243;8.794.750.486;1.048.522.488;1.367.352.433;1.828.717.626;2.303.018.831;3.068.608.998;3.891.037.823;2.545.480.341;2.965.142.365;3.569.757.027;385.542.128;4.029.715.504;3.104.658.296;2.124.662.666;2.185.728.031
United Arab Emirates;2.684.708.005;2.861.558.214;2.919.952.461;266.633.087;2.826.000.502;3.307.126.869;3.106.152.935;3.131.135.936;3.323.052.318;3.616.117.061;3.943.980.197;4.237.222.166;4.267.261.323;4.575.890.554;3.307.257.517;3.504.914.832;4.046.231.209;4.211.223.565;4.335.064.268;4.444.974.035;3.910.174.689;3.762.220.746
United Kingdom;2.301.345.882;2.421.962.285;2.662.148.006;280.148.947;2.838.366.891;2.798.235.576;274.275.875;2.978.598.629;3.417.397.998;3.998.398.467;4.173.264.054;4.425.231.582;501.343.161;4.676.759.222;3.826.218.213;3.889.301.849;4.141.234.924;4.179.077.914;4.272.406.788;4.678.346.922;4.430.555.463;4.041.203.362
United States;2.878.217.502;3.006.823.092;3.157.269.023;3.294.919.776;346.209.289;3.644.985.512;372.736.181;3.816.603.784;3.967.719.835;4.192.180.976;4.430.792.058;4.643.706.712;4.806.153.766;4.840.142.734;4.700.155.535;4.837.387.882;4.979.066.548;514.501.223;5.278.702.695;547.068.682;5.646.900.897;5.763.815.909
Uruguay;598.413.519;631.626.994;7.327.934.445;771.107.657;7.247.398.162;6.871.897.677;6.281.377.047;4.088.768.855;3.622.052.284;4.117.308.853;5.220.951.116;5.877.876.078;7.009.697.046;9.062.312.164;9.415.170.386;11.938.212;1.416.649.908;1.509.206.819;1.688.120.568;1.673.789.827;1.552.484.247;1.522.056.603
Uzbekistan;5.859.323.642;6.005.981.578;6.230.026.524;6.232.161.328;7.024.807.441;558.221.144;4.567.034.892;3.833.494.997;396.129.969;4.651.198.869;5.467.768.502;6.542.838.373;8.304.076.942;1.082.286.025;1.213.265.328;137.708.214;1.564.966.945;1.740.468.298;1.907.551.233;2.050.448.414;2.137.576.852;2.110.667.754
Vanuatu;1.390.329.687;142.710.248;1.462.238.195;1.472.957.091;1.477.841.822;1.469.849.149;1.362.601.731;1.353.934.819;1.580.502.724;1.787.947.023;1.886.433.359;2.047.097.823;2.393.367.265;2.697.961.375;2.643.441.423;2.965.802.434;3.275.091.684;315.858.688;3.167.343.056;3.148.365.103;280.583.414;2.860.566.475
Venezuela, RB;3.375.891.496;3.013.841.754;3.714.533.682;3.874.981.721;4.077.496.123;4.783.530.592;4.926.311.339;365.597.562;3.232.524.276;4.271.372.404;5.432.688.675;6.735.797.588;8.318.803.399;1.122.723.138;1.153.614.939;1.354.520.584;1.074.157.638;1.275.500.008;1.223.722.406;1.569.241.288;;
Vietnam;275.750.619;3.228.570.476;3.465.790.136;346.827.244;3.612.944.022;3.882.705.386;4.028.251.339;4.278.380.264;4.779.894.967;5.438.658.871;6.835.968.039;7.799.748.933;9.013.248.932;1.143.268.575;121.069.111;1.310.370.273;1.515.479.925;1.722.683.931;1.871.325.491;201.204.629;2.065.169.099;2.170.648.054
Palestine;1.326.562.857;1.317.466.751;1.389.164.971;1.465.046.057;1.499.492.177;147.617.185;1.335.553.195;1.156.217.473;125.769.857;1.337.565.724;1.455.187.875;14.414.617;15.755.634;185.545.702;1.963.201.519;2.338.719.877;2.664.951.385;2.787.169.738;2.992.200.995;2.960.778.004;2.865.805.109;2.943.404.534
Yemen, Rep.;2.779.769.717;3.641.212.046;4.167.870.194;3.743.573.128;4.396.972.109;5.391.043.652;5.358.330.521;5.652.083.683;6.051.647.335;6.930.835.669;8.139.643.857;9.017.599.875;9.956.284.828;1.203.720.733;1.093.812.918;130.923.196;134.942.025;1.420.842.721;1.580.181.601;1.647.033.657;1.401.903.319;990.334.774
Zambia;4.166.613.811;3.829.151.113;4.451.711.797;3.555.380.307;332.461.627;3.419.055.625;3.782.736.238;3.771.305.244;4.291.583.434;5.302.772.217;6.913.178.164;1.030.154.199;1.104.587.985;1.369.068.249;1.139.110.233;1.463.213.573;1.644.619.672;1.734.930.612;1.850.793.359;1.738.088.202;1.313.889.646;1.269.573.537
Zimbabwe;6.281.849.247;7.425.726.729;7.284.008.356;5.382.848.555;5.684.439.527;5.473.588.785;5.480.587.312;5.073.480.034;4.533.511.552;4.543.606.654;4.447.605.075;414.796.232;3.969.982.166;3.256.785.703;6.242.722.425;719.979.517;8.409.498.799;9.681.638.715;1.026.388.289;1.031.104.616;1.033.415.842;1.029.076.649