Series Name,Series Code,Country Name,Country Code,1990 [YR1990],2000 [YR2000],2008 [YR2008],2009 [YR2009],2010 [YR2010],2011 [YR2011],2012 [YR2012],2013 [YR2013],2014 [YR2014],2015 [YR2015],2016 [YR2016],2017 [YR2017]
"GDP per capita, PPP (current international $)",NY.GDP.PCAP.PP.CD,Afghanistan,AFG,..,..,1247.06614429099,1482.09883711417,1581.60083598967,1660.73985617959,1873.15394552307,1913.16064354474,1937.23536529999,1926.3573363363,1944.11700479836,1980.51617731097
"GDP per capita, PPP (current international $)",NY.GDP.PCAP.PP.CD,Albania,ALB,2722.28034358589,4029.01697070654,8228.33710618171,8813.25200258571,9637.3453676511,10207.7646993323,10526.241215339,10570.9529979079,11259.2645003792,11334.2209323295,11559.3008437783,12020.6907323424
"GDP per capita, PPP (current international $)",NY.GDP.PCAP.PP.CD,Algeria,DZA,6616.4083524606,8093.53089306002,12162.2643470867,12242.178137001,12610.2480535971,12990.345016498,13404.4117836409,13715.7435787744,14203.89540132,14614.970429045,15013.2963798624,15275.3742169614
"GDP per capita, PPP (current international $)",NY.GDP.PCAP.PP.CD,American Samoa,ASM,..,..,..,..,..,..,..,..,..,..,..,..
"GDP per capita, PPP (current international $)",NY.GDP.PCAP.PP.CD,Andorra,AND,..,..,..,..,..,..,..,..,..,..,..,..
"GDP per capita, PPP (current international $)",NY.GDP.PCAP.PP.CD,Angola,AGO,2217.43838007191,2277.37461138374,5743.09888126617,5718.68552313564,5778.38080340779,5911.25409210655,6110.42339175039,6403.76755557708,6591.53881963735,6631.61869398451,6440.99024209186,6388.96002177353
"GDP per capita, PPP (current international $)",NY.GDP.PCAP.PP.CD,Antigua and Barbuda,ATG,10587.5934085171,14987.4111579957,23162.685755127,20271.086351499,18824.073146248,18605.3167543472,19398.0594771818,19480.1025975588,20619.871374785,21462.2869423222,22661.4885361636,23593.9328326039
"GDP per capita, PPP (current international $)",NY.GDP.PCAP.PP.CD,Argentina,ARG,6990.5540452718,11810.0613643332,17711.4417867571,16618.1208523782,18333.5436985461,19629.3518451916,19579.0064837139,20161.4968324254,19802.1000113587,20356.9155095569,20042.5400197144,20786.6793277368
"GDP per capita, PPP (current international $)",NY.GDP.PCAP.PP.CD,Armenia,ARM,2418.86092636919,2318.23807343875,7260.96875587368,6323.57833605451,6567.25858179835,7022.10394338388,7649.49140943212,7997.38712848925,8397.09917770072,8727.55832544865,8832.76343477124,9647.48611321476
"GDP per capita, PPP (current international $)",NY.GDP.PCAP.PP.CD,Aruba,ABW,..,..,..,..,..,35973.780509792,..,..,..,..,..,..
"GDP per capita, PPP (current international $)",NY.GDP.PCAP.PP.CD,Australia,AUS,17338.467195325,26316.9478781358,37409.163067008,40234.4179183421,39274.7642268777,41894.1730524786,42733.9362506181,45794.4042715848,46742.8026541949,46220.2512642307,46144.120814482,47046.6704568767
"GDP per capita, PPP (current international $)",NY.GDP.PCAP.PP.CD,Austria,AUT,19452.4663616687,29375.4047955407,41316.225176699,40919.1505775576,42047.0326758635,44452.7327457999,46457.3457770311,47922.0491207455,48787.4915916798,49883.0412977321,50521.4826240632,52557.478993485
"GDP per capita, PPP (current international $)",NY.GDP.PCAP.PP.CD,Azerbaijan,AZE,5502.43398864152,3534.32914766215,13799.7861400733,14900.5086642522,15627.6056198817,15754.1523626148,16180.8871503047,17171.7613655507,17608.3706329028,17782.0261527141,17256.6269704411,17398.1635635792
"GDP per capita, PPP (current international $)",NY.GDP.PCAP.PP.CD,"Bahamas, The",BHS,20031.1331443759,26149.417144362,29857.2715580086,28325.8786827257,28630.870368075,28941.0282297787,29937.1021672165,29878.0470407833,29977.565612183,30249.7382259305,29779.7979962432,30430.1694807172
"GDP per capita, PPP (current international $)",NY.GDP.PCAP.PP.CD,Bahrain,BHR,22694.907256237,35622.601699238,40557.0243120659,39412.1674086511,39749.8493845143,40164.5827403304,41714.8436088807,44168.3779484071,46180.0376163635,46775.7403335698,47066.7630999618,47526.9042824434
"GDP per capita, PPP (current international $)",NY.GDP.PCAP.PP.CD,Bangladesh,BGD,832.434081719866,1301.46328479352,2163.55442727762,2264.87149858925,2393.31583163503,2570.85014525476,2756.44346659312,2934.64435240001,3131.92266183321,3335.75979065344,3579.75598102606,3868.8223032186
"GDP per capita, PPP (current international $)",NY.GDP.PCAP.PP.CD,Barbados,BRB,9329.38396327777,12260.2352012989,16512.9010930927,15906.753310353,16085.8495835757,16472.0832008577,16767.0360265371,16982.0993649935,17233.4355534,17525.6492569711,18054.740747176,18639.4517435856
"GDP per capita, PPP (current international $)",NY.GDP.PCAP.PP.CD,Belarus,BLR,5399.40557534689,5994.55725732174,14383.16738581,14553.7953661949,15906.7561959696,17166.6956434719,17801.9186985095,18271.7542904885,18903.1590190042,18347.1407011402,18089.0503258733,18847.9338872999
"GDP per capita, PPP (current international $)",NY.GDP.PCAP.PP.CD,Belgium,BEL,18768.8069053272,27983.996115916,38133.5014644659,38001.9909227332,40091.0099912907,41248.725342013,42354.6314854002,43519.7779201761,44601.3671128873,45414.8905975223,46416.8541977185,47561.0293483667
"GDP per capita, PPP (current international $)",NY.GDP.PCAP.PP.CD,Belize,BLZ,3338.87066953944,5517.23064357771,7638.34796057672,7559.53890962285,7717.4725284288,7857.24806614463,8120.91998278189,8130.31595126342,8427.07563491892,8654.85539129625,8540.40422032373,8590.01325564317
"GDP per capita, PPP (current international $)",NY.GDP.PCAP.PP.CD,Benin,BEN,945.37674549935,1320.88957456507,1768.7446574696,1773.16878347771,1781.98706633659,1820.89469315629,1890.14073032202,2002.10660412662,2108.01604124411,2116.03677458311,2167.27284700858,2266.23160222454
"GDP per capita, PPP (current international $)",NY.GDP.PCAP.PP.CD,Bermuda,BMU,26210.9109007466,40535.2082576999,58288.6120944144,55320.1617108278,55254.2141192067,54984.5103947777,53097.6962878821,52436.056406239,..,..,..,..
"GDP per capita, PPP (current international $)",NY.GDP.PCAP.PP.CD,Bhutan,BTN,1502.88065800944,2804.93275688453,5372.13242864557,5664.1278051614,6289.81436412947,6805.87845575689,7162.29347421935,7317.33741383861,7760.09018263967,8245.60530630055,8900.76455308796,9560.77445259184
"GDP per capita, PPP (current international $)",NY.GDP.PCAP.PP.CD,Bolivia,BOL,2396.11488932128,3497.27942818013,4986.88053332403,5108.87359361606,5298.08451219437,5598.50844451487,5899.64186063859,6303.06642034157,6662.82976241703,6955.18276973353,7234.19524334693,7559.63940406033
"GDP per capita, PPP (current international $)",NY.GDP.PCAP.PP.CD,Bosnia and Herzegovina,BIH,..,4528.61304464368,9006.44700898036,9003.26972919448,9314.88603110754,9901.61020154702,10181.913229555,10825.840024833,11164.2057322716,11526.4243893206,12172.65025508,12875.9691022036
"GDP per capita, PPP (current international $)",NY.GDP.PCAP.PP.CD,Botswana,BWA,5242.04564928739,8251.81945049328,13226.6064899232,12098.7929929481,13064.4662387584,13889.2704704923,14506.885230642,16111.1091493253,16765.1596098485,16352.8793260993,16960.9638749829,17354.1997098229
"GDP per capita, PPP (current international $)",NY.GDP.PCAP.PP.CD,Brazil,BRA,6686.22765918254,9012.95542519292,13259.7294038113,13212.3784657313,14243.492142124,14973.0984736747,15398.4287039609,15971.0089748595,16195.8711227125,15656.2666699696,15181.4713659756,15483.5408303931
"GDP per capita, PPP (current international $)",NY.GDP.PCAP.PP.CD,British Virgin Islands,VGB,..,..,..,..,..,..,..,..,..,..,..,..
"GDP per capita, PPP (current international $)",NY.GDP.PCAP.PP.CD,Brunei Darussalam,BRN,54726.5642826069,65034.8346589503,78682.9808251747,76964.3177723928,78923.3904740313,82434.8830910215,83504.3025184817,81827.2734606771,80155.5429896511,79439.062446088,77420.6123414915,78836.1246818218
"GDP per capita, PPP (current international $)",NY.GDP.PCAP.PP.CD,Bulgaria,BGR,5190.79679510755,6376.85746284045,14328.9295392236,14143.6130187685,14948.5975676056,15676.1505350579,16208.2134882088,16631.6615568962,17508.8855040291,18115.2303685143,19242.6226157385,20329.3436113181
"GDP per capita, PPP (current international $)",NY.GDP.PCAP.PP.CD,Burkina Faso,BFA,545.726240774682,852.388972667646,1338.8602973718,1347.57924167077,1394.58472667042,1472.71648241138,1549.4802661889,1616.77927059162,1666.89454400624,1699.8799348695,1771.16213900948,1869.75816149248
"GDP per capita, PPP (current international $)",NY.GDP.PCAP.PP.CD,Burundi,BDI,702.879896737916,597.718189253131,729.462783308925,735.701234336554,748.380657602419,771.509423734821,793.080192119077,818.28521331237,846.094868209195,796.960811411939,777.752851658978,770.941374349935
"GDP per capita, PPP (current international $)",NY.GDP.PCAP.PP.CD,Cabo Verde,CPV,1070.91406516043,3039.91935103396,5710.16341956672,5620.53931728869,5710.34425217671,5991.77849034175,6097.22155382914,6171.85798773012,6245.0054820895,6298.8037717756,6541.09976404895,6831.46046091006
"GDP per capita, PPP (current international $)",NY.GDP.PCAP.PP.CD,Cambodia,KHM,..,1097.7555894619,2355.79030530531,2340.38172140597,2471.89147442893,2658.70924674351,2858.71357016753,3067.55302955128,3291.28476181889,3504.41825365613,3736.96461203482,4001.75677751144
"GDP per capita, PPP (current international $)",NY.GDP.PCAP.PP.CD,Cameroon,CMR,1952.24372225482,2063.82352270855,2812.64505460119,2817.98765363956,2870.56268713564,2969.0475747898,3076.85813905275,3208.26832603863,3367.17697419567,3502.40788727502,3609.37559694929,3694.19995303906
"GDP per capita, PPP (current international $)",NY.GDP.PCAP.PP.CD,Canada,CAN,20107.8306877283,29185.3550587258,40277.6193121099,38791.0746857483,40027.2402088674,41565.2712210369,42145.0978611317,44101.4714464506,45519.7939192537,44647.3642265863,44819.4836002717,46377.6491878898
"GDP per capita, PPP (current international $)",NY.GDP.PCAP.PP.CD,Cayman Islands,CYM,..,..,..,..,..,49903.0285395752,..,..,..,..,..,..
"GDP per capita, PPP (current international $)",NY.GDP.PCAP.PP.CD,Central African Republic,CAF,597.892869785207,644.43989516488,826.813417054097,836.011042410341,863.320204720472,904.610485797435,956.117396809463,613.734675996452,629.046425106389,661.88762493035,693.30690972402,725.94541950627
"GDP per capita, PPP (current international $)",NY.GDP.PCAP.PP.CD,Chad,TCD,717.712756095914,787.225118686826,1668.57798496799,1695.96330988651,1886.25106054051,1863.84560539765,1999.03494822396,2077.06024824585,2187.62741095833,2201.18269886883,2025.73724557589,1941.17556764938
"GDP per capita, PPP (current international $)",NY.GDP.PCAP.PP.CD,Channel Islands,CHI,..,..,..,..,..,..,..,..,..,..,..,..
"GDP per capita, PPP (current international $)",NY.GDP.PCAP.PP.CD,Chile,CHL,4507.11474393179,9571.97894148125,16551.3071523277,16226.2069326139,18265.3425272305,20437.704525923,21620.2809667472,22578.7289196522,22978.1913015912,22785.8180304618,23476.4267994692,24084.9703081634
"GDP per capita, PPP (current international $)",NY.GDP.PCAP.PP.CD,China,CHN,986.568376177788,2933.31481687007,7635.07261093725,8374.43227112406,9333.12423690653,10384.3665989406,11351.0620576921,12367.9650091944,13440.4774628301,14450.094990196,15530.6342741802,16806.7418595372
"GDP per capita, PPP (current international $)",NY.GDP.PCAP.PP.CD,Colombia,COL,4869.16184672328,6585.33413813744,10132.2656612857,10260.2266790265,10680.0030066548,11496.4777054381,12058.3437579632,12725.0437311283,13395.516199343,13827.6727863559,14165.4512227635,14552.0085613812
"GDP per capita, PPP (current international $)",NY.GDP.PCAP.PP.CD,Comoros,COM,1034.10155080008,1173.81752641852,1366.64754971748,1370.46688388663,1383.9296940583,1414.61172325694,1448.4276861253,1487.11050669385,1508.62041667457,1504.71658081263,1521.85721808214,1552.24584978526
"GDP per capita, PPP (current international $)",NY.GDP.PCAP.PP.CD,"Congo, Dem. Rep.",COD,896.354534625778,454.311540544814,615.277912065108,616.850051937035,646.855793437798,682.43215537283,719.81754613007,767.477239667371,827.316766402232,865.099462663762,868.221543211932,887.212862592924
"GDP per capita, PPP (current international $)",NY.GDP.PCAP.PP.CD,"Congo, Rep.",COG,3322.42079928925,3551.09264907498,4543.92488890468,4760.4444983099,5081.43214469695,5213.94692099844,5368.26568966105,5502.48287322744,5834.00976153059,5902.42965114336,5662.79809114461,5359.07433568628
"GDP per capita, PPP (current international $)",NY.GDP.PCAP.PP.CD,Costa Rica,CRI,5033.09994187275,7829.81296167726,12329.930057934,12141.9349812074,12737.0201761635,13397.2305422386,14133.6881806511,14524.6715007822,15140.4703680613,15694.6192037295,16387.0490387679,17044.188557284
"GDP per capita, PPP (current international $)",NY.GDP.PCAP.PP.CD,Cote d'Ivoire,CIV,2064.23166352787,2336.35692095684,2567.19074324489,2612.06386869209,2635.83777138699,2511.42019511915,2762.34142570319,2980.26505984223,3217.771021641,3451.87741812407,3693.6523955676,3953.38132490405
"GDP per capita, PPP (current international $)",NY.GDP.PCAP.PP.CD,Croatia,HRV,..,10753.2483025995,20246.9894249813,19447.294585536,19239.748618533,20750.4433202401,21162.9955563574,21779.9839888272,22057.0055290571,22723.6142631873,23710.4090935342,25264.4381799714
"GDP per capita, PPP (current international $)",NY.GDP.PCAP.PP.CD,Cuba,CUB,..,..,..,..,..,..,..,..,..,..,..,..
"GDP per capita, PPP (current international $)",NY.GDP.PCAP.PP.CD,Curacao,CUW,..,..,..,..,..,..,..,..,..,..,..,..
"GDP per capita, PPP (current international $)",NY.GDP.PCAP.PP.CD,Cyprus,CYP,13178.9954720093,21709.1550859041,34823.6542391999,33882.0964676342,33263.0158296105,33192.5929772985,31914.6243464725,30620.7071488539,30383.5148225188,31523.9268785245,32882.2186186017,34503.470334028
"GDP per capita, PPP (current international $)",NY.GDP.PCAP.PP.CD,Czech Republic,CZE,12666.4626474303,16188.2271902154,27844.7953264656,27594.3468593931,27694.4019837579,28797.4179611691,29047.2464395949,30485.7141541113,32263.3157548997,33468.7264974291,34749.2123632656,36915.9326342973
"GDP per capita, PPP (current international $)",NY.GDP.PCAP.PP.CD,Denmark,DNK,18225.0189820247,28657.5407904467,41278.328843462,40332.4514172306,43041.5420245418,44403.3941459257,44803.9622367418,46726.853320478,47901.4475803125,48674.8407494886,49029.0148389124,50540.8137719498
"GDP per capita, PPP (current international $)",NY.GDP.PCAP.PP.CD,Djibouti,DJI,..,..,..,..,..,2705.40558882684,..,..,..,..,..,..
"GDP per capita, PPP (current international $)",NY.GDP.PCAP.PP.CD,Dominica,DMA,4349.83607740256,6480.08268298602,9897.4504642508,9834.51240816593,9991.97628607623,10135.2740298011,10164.9581567007,10215.8789204852,10803.2619103343,10586.7704070825,10947.7152243907,10619.9515762264
"GDP per capita, PPP (current international $)",NY.GDP.PCAP.PP.CD,Dominican Republic,DOM,3540.00579214151,6499.85349756259,10044.0995602192,10078.8701375143,10907.3564141427,11333.5470863931,11706.6926041864,12322.3862089174,13339.7627043004,14264.8354918036,15227.9420223578,16029.6237067323
"GDP per capita, PPP (current international $)",NY.GDP.PCAP.PP.CD,Ecuador,ECU,4829.41672331633,5855.63475390995,8920.50082665879,8889.21352587757,9163.15913647781,9926.90344109607,10512.3187519049,11037.3467676481,11483.9968026309,11446.3651373736,11242.0475160365,11617.4288537517
"GDP per capita, PPP (current international $)",NY.GDP.PCAP.PP.CD,"Egypt, Arab Rep.",EGY,3819.28637022443,5856.2217206123,8939.28213481048,9255.38392726248,9658.06521473712,9823.82328675711,10003.3542171587,10156.4148475603,10407.7816716365,10750.4563039463,11134.0267191301,11582.593997058
"GDP per capita, PPP (current international $)",NY.GDP.PCAP.PP.CD,El Salvador,SLV,2937.31570665923,4483.29914705679,6107.96453987416,5999.64467425256,6173.31934105825,6511.44372701893,6786.56246328815,7026.60937352046,7258.96754330528,7474.91370431052,7726.17044367092,8006.05921945185
"GDP per capita, PPP (current international $)",NY.GDP.PCAP.PP.CD,Equatorial Guinea,GNQ,646.012805281296,8554.62758357766,38441.3483297428,37496.5682212741,33041.1883529952,34363.1529063453,36288.4062684229,33877.5422420033,33228.1611784238,29341.4877093529,26142.0895255227,24816.8668364201
"GDP per capita, PPP (current international $)",NY.GDP.PCAP.PP.CD,Eritrea,ERI,..,1330.93984994087,1329.64437262065,1366.59093114871,1387.71466344319,1510.45892910899,..,..,..,..,..,..
"GDP per capita, PPP (current international $)",NY.GDP.PCAP.PP.CD,Estonia,EST,..,9419.75695120623,22664.0393274715,20498.7060613234,21602.7407439834,24543.0674715452,26022.4688470951,27495.7344185694,28538.4286440465,28688.9687744908,29743.3374280246,31637.6783162519
"GDP per capita, PPP (current international $)",NY.GDP.PCAP.PP.CD,Ethiopia,ETH,421.378823580782,490.036390791223,888.142451706092,948.224952260441,1052.10426150867,1162.78331740492,1253.24331774066,1371.98167052453,1500.65454785138,1632.55180551359,1734.46407451719,1899.20812562765
"GDP per capita, PPP (current international $)",NY.GDP.PCAP.PP.CD,Faroe Islands,FRO,..,..,..,..,..,..,..,..,..,..,..,..
"GDP per capita, PPP (current international $)",NY.GDP.PCAP.PP.CD,Fiji,FJI,3807.73543300453,5289.88152104758,7093.550249278,6976.98370264113,7203.36569339968,7488.82938057572,7676.77869438776,8113.23614540101,8661.65588296187,9027.54243817248,9109.95192354859,9554.60253434927
"GDP per capita, PPP (current international $)",NY.GDP.PCAP.PP.CD,Finland,FIN,18158.9385770366,26748.6310534523,39969.3875987055,37823.2291881784,38775.1748566366,40683.5275821703,40620.176066035,41293.5157728524,41470.2023590157,42071.1912691938,43378.1460288181,45191.5940156352
"GDP per capita, PPP (current international $)",NY.GDP.PCAP.PP.CD,France,FRA,17566.3038976734,26090.1016614759,35095.260231603,34678.9415827013,35935.0261951419,37440.6414948094,37679.1332569372,39523.8701233957,40141.5903200769,40564.4607069076,41357.98693296,42778.9288833505
"GDP per capita, PPP (current international $)",NY.GDP.PCAP.PP.CD,French Polynesia,PYF,..,..,..,..,..,..,..,..,..,..,..,..
"GDP per capita, PPP (current international $)",NY.GDP.PCAP.PP.CD,Gabon,GAB,12604.0945406704,14095.0730293988,14686.6143195866,14347.322973039,15045.1581815663,15893.5477170288,16457.3922458255,17078.4986442906,17569.9544054586,17928.8920096283,18071.2568901822,18183.1236754108
"GDP per capita, PPP (current international $)",NY.GDP.PCAP.PP.CD,"Gambia, The",GMB,973.639122387653,1228.24577644183,1483.75834668804,1541.95930326616,1610.98159758957,1524.7687739658,1589.07236339983,1640.01090289255,1633.06302099455,1669.74580977448,1676.87879487811,1714.59309981663
"GDP per capita, PPP (current international $)",NY.GDP.PCAP.PP.CD,Georgia,GEO,5174.86822893522,2587.02780948458,6155.92744153496,6054.39489734577,6597.56854892246,7315.0908976643,8026.50718674543,8541.81225964198,9216.71626359249,9610.54338228378,10004.5284138636,10698.6808704272
"GDP per capita, PPP (current international $)",NY.GDP.PCAP.PP.CD,Germany,DEU,19433.1574450028,27293.7675581123,38028.772143518,37035.7800292733,39225.5999941663,42692.5197566424,43564.1480172353,45232.1978530818,47092.4883721197,47810.8360109883,48943.1018045093,50715.5540407254
"GDP per capita, PPP (current international $)",NY.GDP.PCAP.PP.CD,Ghana,GHA,1240.70188189817,1790.59778708051,2733.2853527196,2814.35809995882,2997.49649055173,3404.45956595241,3699.35719940287,3940.09737535096,4075.34121041294,4181.41284212256,4295.21767034808,4641.32337864925
"GDP per capita, PPP (current international $)",NY.GDP.PCAP.PP.CD,Gibraltar,GIB,..,..,..,..,..,..,..,..,..,..,..,..
"GDP per capita, PPP (current international $)",NY.GDP.PCAP.PP.CD,Greece,GRC,13297.9776808599,19515.7893177015,30856.0118268477,30359.9252972847,28175.8555167678,26141.3195918975,25284.4640766238,26097.8719008736,26838.4552283268,26697.2485044179,26764.961606123,27809.3999585813
"GDP per capita, PPP (current international $)",NY.GDP.PCAP.PP.CD,Greenland,GRL,..,..,..,..,..,..,..,..,..,..,..,..
"GDP per capita, PPP (current international $)",NY.GDP.PCAP.PP.CD,Grenada,GRD,4680.45898391756,7650.04492066059,11640.8645214302,10915.0675874433,10951.8841081545,11220.828366136,11252.0234242385,11655.4074601893,12681.8138671393,13585.5046357208,14200.0071938055,14924.1019355641
"GDP per capita, PPP (current international $)",NY.GDP.PCAP.PP.CD,Guam,GUM,..,..,..,..,..,..,..,..,..,..,..,..
"GDP per capita, PPP (current international $)",NY.GDP.PCAP.PP.CD,Guatemala,GTM,3296.80212677172,4811.82562076063,6515.05758299598,6456.22189555523,6578.24729507297,6844.4956401592,7026.19387401792,7249.27875612849,7529.39206753966,7765.75727079973,7946.67768789209,8150.26220433995
"GDP per capita, PPP (current international $)",NY.GDP.PCAP.PP.CD,Guinea,GIN,912.589240031981,1126.03437757687,1524.95651322497,1485.77474811875,1541.71430066062,1625.56027314058,1715.17682156794,1771.39299774767,1827.44210331142,1872.3677580152,2043.06018975282,2284.77875232598
"GDP per capita, PPP (current international $)",NY.GDP.PCAP.PP.CD,Guinea-Bissau,GNB,1017.2454049238,1080.62290231447,1307.09707829264,1328.55148362155,1372.03586383069,1475.38909048806,1438.98155643909,1470.89998434247,1472.97836903676,1540.31513190105,1616.42380033177,1700.21983230872
"GDP per capita, PPP (current international $)",NY.GDP.PCAP.PP.CD,Guyana,GUY,1837.61743968011,3584.18902212924,5211.15785694213,5441.77559867703,5729.56312108395,6130.83761606119,6538.3765807766,6930.2876937459,7275.07368535638,7535.97647088253,7836.37917629736,8162.6015403718
"GDP per capita, PPP (current international $)",NY.GDP.PCAP.PP.CD,Haiti,HTI,..,1378.69205104706,1526.16950942459,1561.3874087187,1471.64864918954,1562.27887385753,1614.02589559014,1686.17153257923,1741.18434038919,1758.3344598491,1783.94018985826,1814.94323596972
"GDP per capita, PPP (current international $)",NY.GDP.PCAP.PP.CD,Honduras,HND,2049.95599314306,2638.27229240659,3923.59702090081,3779.31896670342,3890.85140670074,4046.07625166556,4213.02444982689,4323.24446721271,4457.44957792311,4599.65014412708,4752.48484803485,4986.23135972887
"GDP per capita, PPP (current international $)",NY.GDP.PCAP.PP.CD,"Hong Kong SAR, China",HKG,17434.2940203656,26962.5594901471,44800.1739750295,43935.6583386726,47134.5556511053,50085.9593288483,51306.3328407537,53536.2533847523,55610.5234346003,57068.0404312648,58681.6180611178,61540.1583105354
"GDP per capita, PPP (current international $)",NY.GDP.PCAP.PP.CD,Hungary,HUN,..,11876.0811672002,20678.6799120892,20648.0551358014,21555.8591129762,22841.2103381104,23094.4733308159,24463.1994713915,25524.7176219966,26147.5373739471,26700.7560826351,28375.3726687002
"GDP per capita, PPP (current international $)",NY.GDP.PCAP.PP.CD,Iceland,ISL,21637.4866371345,29453.426649526,42721.162860495,41195.9596647895,38535.3270617591,39621.9356635285,40696.0377995462,42821.2850368123,44546.0104478288,47499.6253846535,50745.682977113,53518.0910902721
"GDP per capita, PPP (current international $)",NY.GDP.PCAP.PP.CD,India,IND,1134.22227443449,1977.64502308403,3637.64302867069,3920.00613882149,4315.59602443676,4635.87913658849,4916.48579000261,5250.51236297383,5672.9269732679,6130.06751531789,6573.93215524133,7055.5548301901
"GDP per capita, PPP (current international $)",NY.GDP.PCAP.PP.CD,Indonesia,IDN,2989.53414981725,4601.8493370402,7486.01947001863,7787.12362408401,8262.89926894218,8837.82012171405,9421.58695312812,9979.5172919759,10537.6600152547,11040.1972130227,11610.9931218733,12283.6154277128
"GDP per capita, PPP (current international $)",NY.GDP.PCAP.PP.CD,"Iran, Islamic Rep.",IRN,7363.39029330231,10411.5492390586,16511.0329816887,16611.9980174545,17579.8739367267,18192.1055960586,16932.1772128244,16954.5131551469,17828.6399580851,17571.222242865,19948.8165996546,20949.9439993379
"GDP per capita, PPP (current international $)",NY.GDP.PCAP.PP.CD,Iraq,IRQ,7446.87513746219,9651.69010222984,11736.7381584753,11905.1964098877,12460.3379670716,13261.6014514347,14895.3919814721,15754.3997892057,15631.3548972166,16050.5619107593,17516.2590836108,17196.7810400953
"GDP per capita, PPP (current international $)",NY.GDP.PCAP.PP.CD,Ireland,IRL,13745.4453686789,30173.2048396099,44280.6914596491,41613.3441852022,43298.6941393342,45147.3762396776,46374.2395088883,48067.1207118188,50994.3061395943,68576.7443262317,71388.7596796249,76304.7080287009
"GDP per capita, PPP (current international $)",NY.GDP.PCAP.PP.CD,Isle of Man,IMN,..,..,..,..,..,..,..,..,..,..,..,..
"GDP per capita, PPP (current international $)",NY.GDP.PCAP.PP.CD,Israel,ISR,..,24935.3497631378,27399.4476428399,27498.5653661926,28828.321525657,30558.3912790325,31708.0871068513,34128.9564769879,34086.5487590247,35888.8758935766,37258.2235945673,38412.6788087998
"GDP per capita, PPP (current international $)",NY.GDP.PCAP.PP.CD,Italy,ITA,18557.1059784996,27022.8616064222,35402.9168527156,34507.7530042292,35042.1953701135,36347.3424784176,36237.1104277204,36131.1321123599,36070.8055952064,36640.1155779484,38380.1724117843,39817.1519643135
"GDP per capita, PPP (current international $)",NY.GDP.PCAP.PP.CD,Jamaica,JAM,4709.01916767434,6286.54152656395,8228.21933399213,7891.6927340814,7834.27097755,8099.15557308659,8163.70283221626,8305.30412523886,8481.50726453102,8620.35652376923,8821.31142953404,8995.35021071797
"GDP per capita, PPP (current international $)",NY.GDP.PCAP.PP.CD,Japan,JPN,19436.5212189506,26838.8686465804,34798.7658977271,33192.6797722167,35000.3212093644,35774.6967129559,37191.3859456258,38974.0794886127,39179.155610609,40717.3243779285,42281.1881895781,43875.7490459711
"GDP per capita, PPP (current international $)",NY.GDP.PCAP.PP.CD,Jordan,JOR,4061.07570136721,5734.63912199427,9332.54246167348,9436.67702231979,9281.1472117003,9214.20662405696,9129.38977869367,9062.04051892212,9082.96015199425,9041.81756496415,9047.76892340397,9153.35242029193
"GDP per capita, PPP (current international $)",NY.GDP.PCAP.PP.CD,Kazakhstan,KAZ,8434.96062743561,7887.89298389755,18513.9254122489,18387.0636545755,19690.0339134042,21276.9340240625,22391.318229599,23773.4355563448,24847.8587634802,25049.9355363552,25286.4337247112,26409.5411810254
"GDP per capita, PPP (current international $)",NY.GDP.PCAP.PP.CD,Kenya,KEN,1538.59282024567,1690.01224570571,2243.36907274976,2271.96871881742,2425.9244398602,2556.96287205963,2650.53887656498,2776.59848517908,2900.37069995395,3019.95195248195,3156.11893173745,3285.91040891751
"GDP per capita, PPP (current international $)",NY.GDP.PCAP.PP.CD,Kiribati,KIR,1267.53711429538,1590.90878692919,1757.8325841248,1738.72551643381,1696.51197430927,1706.4809532381,1794.51840799453,1894.77907423045,1912.12984385921,2094.91000428386,2108.53774118545,2174.99497270847
"GDP per capita, PPP (current international $)",NY.GDP.PCAP.PP.CD,"Korea, Dem. People’s Rep.",PRK,..,..,..,..,..,..,..,..,..,..,..,..
"GDP per capita, PPP (current international $)",NY.GDP.PCAP.PP.CD,"Korea, Rep.",KOR,8276.03495903337,18083.0841020476,28655.9835241828,28320.3191206544,30376.8718192526,31228.5106952266,32097.164002476,32615.7725895835,33587.5833961446,35203.734140356,36629.8646004377,38260.1750312936
"GDP per capita, PPP (current international $)",NY.GDP.PCAP.PP.CD,Kosovo,XKX,..,3664.14159379505,7228.7700988211,7466.85058613755,7745.71818840665,8215.22393963883,8541.07527019267,8883.79998154946,9163.13339732808,9748.77384525459,10193.4110500557,10754.4021665384
"GDP per capita, PPP (current international $)",NY.GDP.PCAP.PP.CD,Kuwait,KWT,..,55420.7226520071,90011.7821675039,79296.8647413636,73682.8683779231,77459.5383056761,79047.7638712039,76667.7063327707,74617.6919660477,72918.0037634406,74263.9986260609,71943.0088790813
"GDP per capita, PPP (current international $)",NY.GDP.PCAP.PP.CD,Kyrgyz Republic,KGZ,2245.79271450972,1644.31197512554,2681.1221868103,2746.10265504845,2733.72933718566,2920.6032099095,2922.70287320038,3229.34934856528,3351.67099930075,3447.60825022898,3569.51838990232,3725.5410226732
"GDP per capita, PPP (current international $)",NY.GDP.PCAP.PP.CD,Lao PDR,LAO,1103.95895554899,1969.70170420648,3585.16717773805,3820.36145403282,4133.44186803688,4495.1521504627,4882.41856003354,5293.96335775359,5727.01148615946,6128.35823784803,6549.66799974824,7023.37167912398
"GDP per capita, PPP (current international $)",NY.GDP.PCAP.PP.CD,Latvia,LVA,..,8018.05037265523,19432.2232876513,16868.8166654817,17575.7296974062,19773.3837201521,21252.7185325774,22676.3802138837,23808.014876655,24510.1620574717,25586.2887008349,27598.3290939303
"GDP per capita, PPP (current international $)",NY.GDP.PCAP.PP.CD,Lebanon,LBN,5078.70675803155,9933.07926088133,14023.2644927262,15282.3782566634,16118.9632902425,15693.6872834493,15334.6500049775,14902.7634765885,14570.5320909522,14218.8297179534,14308.7511271436,14675.6443527348
"GDP per capita, PPP (current international $)",NY.GDP.PCAP.PP.CD,Lesotho,LSO,891.55173147675,1411.81686262161,2139.92518253163,2181.59696584077,2317.82892840665,2500.0148712682,2665.51414915479,2722.74290532759,2820.26912459188,2883.8110871885,2951.02189397517,3130.15150841731
"GDP per capita, PPP (current international $)",NY.GDP.PCAP.PP.CD,Liberia,LBR,565.66394280563,664.776666662298,648.426740990715,661.168863861907,685.500686062562,734.326273753035,786.12432159374,847.132029756163,847.724592791167,836.181489038688,812.673943814557,826.451682628837
"GDP per capita, PPP (current international $)",NY.GDP.PCAP.PP.CD,Libya,LBY,..,17375.6464817473,27843.1256449368,27523.8174566752,29030.8433822135,11192.7906388431,25416.0844278642,22322.3843729899,17246.8262756186,15810.2522281205,15420.168625312,19631.2994400096
"GDP per capita, PPP (current international $)",NY.GDP.PCAP.PP.CD,Liechtenstein,LIE,..,..,..,..,..,..,..,..,..,..,..,..
"GDP per capita, PPP (current international $)",NY.GDP.PCAP.PP.CD,Lithuania,LTU,..,8456.32163037205,20744.0666326456,18142.6529197593,20110.3389687171,22854.33217107,24658.0075328934,26660.5598858607,28174.3635218648,28783.6667748194,29862.3188904098,32092.4973900153
"GDP per capita, PPP (current international $)",NY.GDP.PCAP.PP.CD,Luxembourg,LUX,29680.2875195185,55340.0973218379,86693.8951220862,82263.4362271089,85696.9959142608,92005.0168361444,91622.1774169388,95590.5386984251,101640.053385305,102517.138229939,102389.437727633,103661.757047815
"GDP per capita, PPP (current international $)",NY.GDP.PCAP.PP.CD,"Macao SAR, China",MAC,26089.4565507027,33469.1316213226,77584.7052735648,77553.2839737065,96198.2020001041,116752.211556318,126863.217689836,140037.059349877,137742.793722633,106959.876305532,105420.354044043,115123.078162513
"GDP per capita, PPP (current international $)",NY.GDP.PCAP.PP.CD,"Macedonia, FYR",MKD,5256.84466813074,6126.10328332202,10417.668419331,10912.2366886022,11284.8091808515,11611.8519850904,11841.0125859801,12655.5365696102,13370.0205757644,13766.3188262972,14731.3596294155,15231.3326016215
"GDP per capita, PPP (current international $)",NY.GDP.PCAP.PP.CD,Madagascar,MDG,1068.49121933808,1144.57885342718,1463.09481203637,1375.63842660585,1357.65456267808,1367.54308214295,1396.20388453189,1411.91802911201,1445.34257177866,1466.4974625376,1506.23832528188,1555.04479850822
"GDP per capita, PPP (current international $)",NY.GDP.PCAP.PP.CD,Malawi,MWI,480.999162177023,686.382576418882,910.917398854143,964.314938087745,1012.06745790371,1051.18599619662,1058.91226214534,1099.20059098895,1148.63707526109,1159.31984189185,1168.82562558063,1202.19712561895
"GDP per capita, PPP (current international $)",NY.GDP.PCAP.PP.CD,Malaysia,MYS,6819.88582176772,12927.8440493514,19873.1708931017,19367.8909954897,20680.2968483512,21818.8756940003,23006.9255341614,24033.9712586347,25487.6094347372,26623.3283680558,27682.6079402983,29431.4694498167
"GDP per capita, PPP (current international $)",NY.GDP.PCAP.PP.CD,Maldives,MDV,..,7742.57729314401,12243.3242619354,11139.5502318462,11762.6497213717,12664.990676931,12843.8977791308,13607.2029909454,14471.549684545,14593.9729012874,15347.9977861679,16669.4049278295
"GDP per capita, PPP (current international $)",NY.GDP.PCAP.PP.CD,Mali,MLI,822.002532966845,1159.5518729188,1737.71475229955,1774.06535022079,1834.11705927596,1874.70303010183,1838.19057641438,1856.26736286854,1964.83590709183,2043.71810510616,2125.7160265303,2211.41520634085
"GDP per capita, PPP (current international $)",NY.GDP.PCAP.PP.CD,Malta,MLT,9343.35342415787,19422.7141406567,26193.0684468976,26134.9246466309,27836.0614693726,28618.5025877957,29436.164592229,31063.8630783037,33229.4790421405,35787.8769579048,37363.3293251829,39534.9202224112
"GDP per capita, PPP (current international $)",NY.GDP.PCAP.PP.CD,Marshall Islands,MHL,1879.45955121844,2293.73734371237,3204.51338717622,3169.834845323,3408.7767621021,3513.29121329955,3693.22538928095,3850.70077539415,3882.41587112819,3903.12790717999,4022.97863241912,4192.92907349641
"GDP per capita, PPP (current international $)",NY.GDP.PCAP.PP.CD,Mauritania,MRT,1814.08481133947,2180.64424440336,3255.4975989923,3154.62076269458,3249.87692872441,3371.99458202082,3526.34393041303,3689.84489986069,3850.73463016779,3835.23092602118,3852.52573392977,3949.67785360524
"GDP per capita, PPP (current international $)",NY.GDP.PCAP.PP.CD,Mauritius,MUS,4774.34866917598,8780.06269209733,14270.1694495699,14815.8079856929,15616.0068425246,16561.7709831855,17408.1887038304,18243.5127781619,19231.4741840186,20087.7153801145,21102.5589231981,22278.485475494
"GDP per capita, PPP (current international $)",NY.GDP.PCAP.PP.CD,Mexico,MEX,6037.00354559816,10799.0583493032,14551.0452776003,14172.4904394492,14858.5386494515,16049.3642444704,16658.0822391325,16848.0395195075,17481.9163877593,17239.3206577448,17769.664279286,18149.0995893106
"GDP per capita, PPP (current international $)",NY.GDP.PCAP.PP.CD,"Micronesia, Fed. Sts.",FSM,1758.70895949255,2472.29973662665,3043.07898317406,3117.74184609378,3230.94985546081,3412.90655368719,3405.47227886479,3320.56347959372,3297.32640838146,3483.45593668339,3508.71519196101,3622.33196708432
"GDP per capita, PPP (current international $)",NY.GDP.PCAP.PP.CD,Moldova,MDA,..,1839.71273635749,3723.40221332882,3531.03297646538,3831.74918707843,4179.21480881512,4226.95919772373,4700.2344391,5017.30669557854,5054.68247321695,5352.77686746082,5697.83488319695
"GDP per capita, PPP (current international $)",NY.GDP.PCAP.PP.CD,Monaco,MCO,..,..,..,..,..,..,..,..,..,..,..,..
"GDP per capita, PPP (current international $)",NY.GDP.PCAP.PP.CD,Mongolia,MNG,3310.86143108077,3689.7034963371,7278.37552922151,7131.64349432292,7552.66558598877,8881.48475043728,9969.1402182557,11093.8501127357,11955.1257580721,12152.1713808006,12252.2771963876,12999.5287980769
"GDP per capita, PPP (current international $)",NY.GDP.PCAP.PP.CD,Montenegro,MNE,..,6001.70918721415,13816.5477457829,13022.4702036532,13648.2327477192,14472.4735391199,13863.8541990124,14870.146016829,15371.1413430715,16272.1956451856,17633.146362673,18765.1057980894
"GDP per capita, PPP (current international $)",NY.GDP.PCAP.PP.CD,Morocco,MAR,2528.458556106,3553.99424705968,5866.56421559029,6086.34016351293,6312.91542734005,6688.40260633548,6916.43502419801,7239.87310626714,7457.1810971537,7770.24599129646,7857.4877165031,8217.45679634706
"GDP per capita, PPP (current international $)",NY.GDP.PCAP.PP.CD,Mozambique,MOZ,244.659208094923,445.150263722863,823.786448125489,857.350002813192,899.198728120615,954.799116244546,1012.43718654388,1070.66356816108,1137.53029081011,1190.75574676927,1215.7876396975,1247.27556267179
"GDP per capita, PPP (current international $)",NY.GDP.PCAP.PP.CD,Myanmar,MMR,480.206636904013,1035.52411754486,2989.78489460075,3308.84636555592,3645.93643504092,3898.41462716496,4225.11935241423,4613.33978179131,5024.92436256635,5384.86938870142,5721.22800362596,6138.76102637684
"GDP per capita, PPP (current international $)",NY.GDP.PCAP.PP.CD,Namibia,NAM,3696.56090957585,4839.87523976012,7884.76288872048,7853.81899797779,8289.69602705332,8721.25552382066,9132.34291353289,9578.38348883733,10131.3563302452,10622.1564329375,10596.4173811197,10475.5192696956
"GDP per capita, PPP (current international $)",NY.GDP.PCAP.PP.CD,Nauru,NRU,..,..,5173.04605524631,5664.84319702158,6459.08087785322,7339.30436698258,8050.70455948722,10429.8054951007,13232.7374473892,13066.2036179405,13966.4977802226,14157.5332097174
"GDP per capita, PPP (current international $)",NY.GDP.PCAP.PP.CD,Nepal,NPL,774.273246731998,1220.42487213358,1777.23356569811,1853.33835548923,1945.80668141075,2031.08746466776,2142.09849471677,2239.40328467858,2387.29052563628,2464.38903347795,2477.90334509701,2681.84383783511
"GDP per capita, PPP (current international $)",NY.GDP.PCAP.PP.CD,Netherlands,NLD,18910.9125187351,31591.9286062892,45843.89223408,44037.3641144161,44542.8365494046,46066.6524059576,46707.2697077937,48666.3178519249,48606.2536078682,49527.6696637249,50538.6065695989,52941.1229813034
"GDP per capita, PPP (current international $)",NY.GDP.PCAP.PP.CD,New Caledonia,NCL,..,..,..,..,..,..,..,..,..,..,..,..
"GDP per capita, PPP (current international $)",NY.GDP.PCAP.PP.CD,New Zealand,NZL,14874.7312279538,21509.4119088428,29860.3702545675,30700.9563507073,31265.7384522235,32734.5366666969,32986.0312092787,36219.5796940917,37283.1004115687,37864.999542975,39465.1153093061,40916.9356578268
"GDP per capita, PPP (current international $)",NY.GDP.PCAP.PP.CD,Nicaragua,NIC,1941.27358414488,2739.38879446792,3931.05430059704,3781.76748043469,3947.21676586778,4231.49751775883,4535.28473992404,4779.77333286712,5040.53462973065,5278.44923961627,5533.07423980306,5842.17188056692
"GDP per capita, PPP (current international $)",NY.GDP.PCAP.PP.CD,Niger,NER,578.171243538514,597.189700390751,784.120484391905,755.40672063916,797.769958469163,801.604231148649,878.760843000391,904.55620238427,952.79143184509,967.084619403915,989.089743874414,1016.61362646734
"GDP per capita, PPP (current international $)",NY.GDP.PCAP.PP.CD,Nigeria,NGA,1965.82799564736,2257.52522085715,4525.21218238773,4747.71493322792,5045.9781670335,5259.29550424022,5437.80711669289,5670.10257460671,5975.01031916511,6038.46231538939,5861.08965603116,5860.84705984962
"GDP per capita, PPP (current international $)",NY.GDP.PCAP.PP.CD,Northern Mariana Islands,MNP,..,..,..,..,..,..,..,..,..,..,..,..
"GDP per capita, PPP (current international $)",NY.GDP.PCAP.PP.CD,Norway,NOR,18442.1253591019,36950.4946583832,61757.2455676868,55427.5768660986,58022.0334869801,62145.0261549128,65447.4958248933,67056.1170397877,66015.4402996855,61722.239910673,58808.3907633282,60978.2774956492
"GDP per capita, PPP (current international $)",NY.GDP.PCAP.PP.CD,Oman,OMN,22648.8888270754,34848.6796194007,43170.7634101841,44173.2962075196,44418.7703831953,42121.4319219198,43822.8158413436,43386.6455947471,42522.4173066299,42459.7505755851,43012.8491996942,41675.3437529255
"GDP per capita, PPP (current international $)",NY.GDP.PCAP.PP.CD,Pakistan,PAK,1974.51729399558,2770.16649862845,4104.90738166892,4166.50804144143,4196.95580923862,4309.76371307112,4447.90271044174,4619.74453924608,4820.78328993303,5000.28383883723,5238.2135285593,5527.37767354726
"GDP per capita, PPP (current international $)",NY.GDP.PCAP.PP.CD,Palau,PLW,..,9821.54319635207,12280.5361225056,11646.1827988846,11606.9339863225,12518.7130312209,13153.2507040062,13061.089983725,13541.4759877071,14938.6431876208,14986.7696839022,14536.0409142287
"GDP per capita, PPP (current international $)",NY.GDP.PCAP.PP.CD,Panama,PAN,5076.96360164209,8421.50994386201,14518.60511957,14549.5359883776,15312.4472521015,17093.8399788617,18781.0506966321,20053.575949932,21087.7678045705,22134.9748026155,23157.2224037205,24445.9714725524
"GDP per capita, PPP (current international $)",NY.GDP.PCAP.PP.CD,Papua New Guinea,PNG,1534.0842888849,2175.685452637,2730.0234363873,2870.18908251628,3127.01911475461,3155.4035683482,3289.82285547345,3396.91695398598,3907.29715745877,4072.81879282583,4117.28565471062,4197.31135797986
"GDP per capita, PPP (current international $)",NY.GDP.PCAP.PP.CD,Paraguay,PRY,3901.57169991159,4822.97878912012,6621.21916173953,6322.53506116603,7142.05703875154,7504.65364401771,7447.10818397172,8514.08188049648,8955.87104766316,9199.66938423151,9567.3391281814,9690.77465479985
"GDP per capita, PPP (current international $)",NY.GDP.PCAP.PP.CD,Peru,PER,3433.76363438188,5202.23309486409,8956.51528727598,9010.32550520028,9755.14914796834,10449.0932552031,11145.5118964033,11828.80683802,12164.9572973519,12533.491183759,13030.0139047179,13434.1256048198
"GDP per capita, PPP (current international $)",NY.GDP.PCAP.PP.CD,Philippines,PHL,2591.92658615669,3348.15245051406,5100.53575573428,5115.48177692361,5483.62094378124,5707.20484248535,6099.12124785649,6526.65018229294,6937.85011807331,7320.49853854593,7800.65101042363,8342.80447943066
"GDP per capita, PPP (current international $)",NY.GDP.PCAP.PP.CD,Poland,POL,6178.84930145804,10651.2114515512,18310.4432086685,19242.9888415432,21068.8512314571,22850.6388460286,23833.2097049187,24719.2475053521,25602.4174409935,26594.7578582656,27383.2549370049,29291.3537818654
"GDP per capita, PPP (current international $)",NY.GDP.PCAP.PP.CD,Portugal,PRT,11769.0224853343,18883.9114612163,26631.5639632704,26464.3754678301,27334.811603201,26780.2149060404,26454.1026011519,27899.5094652197,28746.6530781988,29532.3811616848,30658.6319953306,32198.8200060825
"GDP per capita, PPP (current international $)",NY.GDP.PCAP.PP.CD,Puerto Rico,PRI,14366.1594479065,24575.5780509017,33027.0154354391,32806.5497659786,33237.8169128654,34195.6408473957,35259.8060075141,36130.9936705322,36939.9966059825,37581.0300432539,37793.9235037866,..
"GDP per capita, PPP (current international $)",NY.GDP.PCAP.PP.CD,Qatar,QAT,..,85860.611439631,115012.450334212,113312.852224035,122609.410776499,129349.916351584,127610.208824437,126913.035408131,127318.900952879,127516.908588418,127480.482510991,128378.300777937
"GDP per capita, PPP (current international $)",NY.GDP.PCAP.PP.CD,Romania,ROU,5262.05354244008,5877.07572419681,16726.732376278,16489.7815559074,17027.1417745265,17997.8841310604,18983.2731014497,19859.447265707,20609.5835304305,21566.0730483419,23050.0103276182,25840.8363689606
"GDP per capita, PPP (current international $)",NY.GDP.PCAP.PP.CD,Russian Federation,RUS,8012.80231686625,6825.41139116801,20163.5876480167,19386.584396792,20497.934076089,24310.0439655517,25784.5671588469,26240.2745047909,25797.4985295037,24737.6894390573,24818.9051890129,25532.9953533065
"GDP per capita, PPP (current international $)",NY.GDP.PCAP.PP.CD,Rwanda,RWA,563.944013361493,628.493811547351,1213.79672297029,1264.36207948421,1337.55863694097,1436.86893683665,1549.65559033948,1606.89323921374,1716.970020698,1843.32659112027,1930.70021243911,2035.65406842779
"GDP per capita, PPP (current international $)",NY.GDP.PCAP.PP.CD,Samoa,WSM,2358.56247871515,3428.77656408677,5502.63367503458,5240.70927736835,5290.66066310442,5667.49053435576,5748.26364086339,5681.20542032491,5805.6829237069,5919.35982118632,6378.2565669184,6610.79523861914
"GDP per capita, PPP (current international $)",NY.GDP.PCAP.PP.CD,San Marino,SMR,..,59984.9367353361,87503.9594530021,75930.5218589072,72368.2036282707,66053.1105030725,61392.9793042387,59764.1062937328,59646.3778590354,60028.9243456052,60932.9300372192,62425.6329253554
"GDP per capita, PPP (current international $)",NY.GDP.PCAP.PP.CD,Sao Tome and Principe,STP,..,..,2431.92208891285,2452.53959896867,2588.07974323712,2695.62954237131,2768.23351474364,2882.86723855064,3057.81501972594,3138.69963043137,3239.41403435822,3351.43619143552
"GDP per capita, PPP (current international $)",NY.GDP.PCAP.PP.CD,Saudi Arabia,SAU,27441.4361801021,34139.6578630859,44841.9293177201,43055.8106902782,44502.4193074312,48524.6324875473,50573.3906479994,51264.8661487972,52628.2520552726,54013.8780426308,54378.6981240742,53844.7362426309
"GDP per capita, PPP (current international $)",NY.GDP.PCAP.PP.CD,Senegal,SEN,1192.3991694855,1514.34448826079,2081.00767270268,2088.25174710868,2139.81582613702,2158.18118164724,2227.468054559,2272.53289419044,2337.11264215362,2442.6430727681,2566.11917856156,2712.33745504005
"GDP per capita, PPP (current international $)",NY.GDP.PCAP.PP.CD,Serbia,SRB,..,5725.24945433975,11921.8129614292,11827.6081268123,12087.1010470258,12967.918642956,13107.9827379391,13760.0520833922,13771.3842844686,13896.1213879743,14514.9605530466,15090.0269123802
"GDP per capita, PPP (current international $)",NY.GDP.PCAP.PP.CD,Seychelles,SYC,9188.61300054011,14626.4603708639,19274.84812334,19131.3317358706,19953.1605009972,22556.5825709346,23034.647818258,24361.1882059716,25515.5365143693,26468.8668313773,27641.4389001815,28963.9186845963
"GDP per capita, PPP (current international $)",NY.GDP.PCAP.PP.CD,Sierra Leone,SLE,808.288067522983,723.465747180351,1110.91866201553,1128.52043483558,1175.71570098363,1246.25278946773,1428.53549706227,1712.8326948593,1782.57113857961,1399.52336178967,1470.85864755399,1526.3477107197
"GDP per capita, PPP (current international $)",NY.GDP.PCAP.PP.CD,Singapore,SGP,22198.0964853385,40983.9929015446,63447.4817368756,61655.7504266015,70657.0349507861,75113.2045300368,77690.7893941633,81647.5859674538,85227.0673306694,87043.1877067208,89103.1588332631,93905.424163765
"GDP per capita, PPP (current international $)",NY.GDP.PCAP.PP.CD,Sint Maarten (Dutch part),SXM,..,..,..,..,..,36327.2318988918,..,..,..,..,..,..
"GDP per capita, PPP (current international $)",NY.GDP.PCAP.PP.CD,Slovak Republic,SVK,..,11354.8333751017,23691.6438756506,23055.0759842583,24986.6128088286,25835.0047572051,26647.4219627674,27897.5985749197,28927.6687644359,29522.0447700489,30460.3840810744,32110.4896665316
"GDP per capita, PPP (current international $)",NY.GDP.PCAP.PP.CD,Slovenia,SVN,..,18047.4962580426,29624.1901825066,27471.0479908709,27766.4203840775,28804.7015194266,28900.8780286843,29796.8119898561,30854.0994056602,31468.3631714967,32723.0719537641,34801.6304146292
"GDP per capita, PPP (current international $)",NY.GDP.PCAP.PP.CD,Solomon Islands,SLB,1217.16129412012,1439.99573200017,1848.29932060921,1734.39923573279,1833.51411604998,2071.8920905768,2158.50965947693,2211.51717349048,2253.90013028019,2288.62969773636,2350.19284335436,2421.78320210879
"GDP per capita, PPP (current international $)",NY.GDP.PCAP.PP.CD,Somalia,SOM,..,..,..,..,..,..,..,..,..,..,..,..
"GDP per capita, PPP (current international $)",NY.GDP.PCAP.PP.CD,South Africa,ZAF,6267.09341197065,7560.85811673492,11518.1044905899,11301.8198486769,11647.3310386455,12118.7378564659,12440.2630952672,12769.9951543283,13051.8283375861,13180.5292406735,13250.5883248063,13497.987800995
"GDP per capita, PPP (current international $)",NY.GDP.PCAP.PP.CD,South Sudan,SSD,..,..,..,..,..,3373.9613892905,1578.82604254378,2008.0875191605,2039.33393862906,1997.02555049947,1693.04606202392,..
"GDP per capita, PPP (current international $)",NY.GDP.PCAP.PP.CD,Spain,ESP,13634.442321039,21530.4746784509,33463.6540993469,32385.2063180105,31954.2427536427,32068.2709273108,31988.2538693179,32603.9057713971,33709.6492402637,34818.1205072534,36305.2221318722,38090.9405993932
"GDP per capita, PPP (current international $)",NY.GDP.PCAP.PP.CD,Sri Lanka,LKA,2334.77375679622,4392.67549534769,7419.35903279926,7690.42692481474,8357.02990733741,9193.35950890696,10163.860113294,10595.7157315885,11219.5533198747,11798.3899455853,12343.3608678142,12810.9509082307
"GDP per capita, PPP (current international $)",NY.GDP.PCAP.PP.CD,St. Kitts and Nevis,KNA,9259.51272745352,15989.9105882312,22178.1062508153,21435.7187547979,20979.0619772943,21689.3038856002,21711.9462430827,23180.1055466196,24737.9584329962,25737.6244361526,26382.787649901,27066.9333785582
"GDP per capita, PPP (current international $)",NY.GDP.PCAP.PP.CD,St. Lucia,LCA,6354.10070864015,8660.70192416112,11933.1103149337,12037.4314779796,11878.5865779184,12112.4001267958,12287.004916327,12848.6437305771,12994.7548660556,13334.2754015362,13665.3180539293,14219.2374426383
"GDP per capita, PPP (current international $)",NY.GDP.PCAP.PP.CD,St. Martin (French part),MAF,..,..,..,..,..,..,..,..,..,..,..,..
"GDP per capita, PPP (current international $)",NY.GDP.PCAP.PP.CD,St. Vincent and the Grenadines,VCT,3604.04947447735,5988.01912997914,10081.1107964033,9936.44457673654,9714.99907953801,9871.64857733634,10193.5041719785,10548.6924504357,10840.0205665789,11147.2807761966,11413.2943920545,11776.8479471653
"GDP per capita, PPP (current international $)",NY.GDP.PCAP.PP.CD,Sudan,SDN,1126.84678033842,1812.47080532025,3187.31097610988,3231.23649545953,3298.00474917495,3631.66345577089,4172.538735428,4322.99132012595,4412.1619002351,4568.66485825461,4730.46187073223,4903.57552212098
"GDP per capita, PPP (current international $)",NY.GDP.PCAP.PP.CD,Suriname,SUR,6815.59519847733,7713.11421365365,12869.898246519,13218.06309781,13924.390720947,14887.9368149101,15410.9964927827,15956.9489964571,16124.6911212638,15724.6393919787,14966.7137949048,15114.2960366864
"GDP per capita, PPP (current international $)",NY.GDP.PCAP.PP.CD,Swaziland,SWZ,3476.08752822551,4628.36937373893,6901.29750504162,6932.2661004685,7148.9127033737,7323.99766548019,7667.52681308497,8139.6910924121,8291.6000737998,8261.74606049962,8329.56058149203,8496.26975446089
"GDP per capita, PPP (current international $)",NY.GDP.PCAP.PP.CD,Sweden,SWE,20107.9772328389,29275.8380224419,41853.6961806504,39645.6559987288,41627.9737254356,43755.0604392612,44724.9743448022,45673.1706323125,46524.1809069936,47891.2778399445,48904.5543707155,50069.6510110711
"GDP per capita, PPP (current international $)",NY.GDP.PCAP.PP.CD,Switzerland,CHE,27609.0459169673,35748.876969071,52584.7349460344,51759.7527446929,53119.3865285819,56183.8325850081,57849.5839884654,60108.5163468318,61902.1624060426,63648.2880177144,63881.6746185979,65006.5253822744
"GDP per capita, PPP (current international $)",NY.GDP.PCAP.PP.CD,Syrian Arab Republic,SYR,..,..,..,..,..,..,..,..,..,..,..,..
"GDP per capita, PPP (current international $)",NY.GDP.PCAP.PP.CD,Tajikistan,TJK,2355.66865523634,935.197554267592,1913.51971334427,1957.63974874965,2063.73041090242,2211.75382192544,2367.18536580277,2525.68552769168,2682.58697340437,2811.86988951746,2979.31023901638,3180.38944630439
"GDP per capita, PPP (current international $)",NY.GDP.PCAP.PP.CD,Tanzania,TZA,951.779533140068,1174.30121144481,1908.73737951768,1963.5915052646,2048.29359256743,2186.13158170674,2268.86646543773,2397.2129992516,2530.46901452408,2652.53021864932,2786.20627438656,2945.87798715248
"GDP per capita, PPP (current international $)",NY.GDP.PCAP.PP.CD,Thailand,THA,4298.39893960415,7283.51129029312,12255.2120165349,12201.3624379538,13213.747749553,13535.1332681194,14714.4502245145,15286.5194143621,15651.1806319028,16241.5555522064,16937.9268850076,17870.5181018432
"GDP per capita, PPP (current international $)",NY.GDP.PCAP.PP.CD,Timor-Leste,TLS,..,2622.02334775062,9435.90264885074,8817.78592146468,8681.60715914168,9717.15140436382,10160.8620306262,8974.89256061399,6597.59888541353,7878.75938496701,7869.45147441981,7213.0170729996
"GDP per capita, PPP (current international $)",NY.GDP.PCAP.PP.CD,Togo,TGO,872.635745990101,1012.1789148409,1137.99225689776,1155.2601866339,1183.83933770636,1233.834912194,1282.5320637792,1319.65906571733,1385.63281991077,1438.68932628568,1497.42364345341,1569.7274191122
"GDP per capita, PPP (current international $)",NY.GDP.PCAP.PP.CD,Tonga,TON,2310.12047317536,3647.46875347969,4568.4950130998,4681.40743918381,4883.37022651885,5101.45600452365,5223.00441988687,5123.33097000737,5300.52322773414,5526.47869643388,5745.19122926423,5956.54321149271
"GDP per capita, PPP (current international $)",NY.GDP.PCAP.PP.CD,Trinidad and Tobago,TTO,7921.07892493316,14524.0912057473,30693.8690027463,29429.3474699746,30628.5417613585,31012.7164187128,31830.5180330314,32500.4938339477,32848.1961377361,33569.4135224991,31858.3554315218,31577.6729949376
"GDP per capita, PPP (current international $)",NY.GDP.PCAP.PP.CD,Tunisia,TUN,3629.12019998381,6003.31200839351,9609.70756075463,9868.80143331069,10225.2522337184,10120.6771726065,10595.8752504156,10947.9965702471,11342.42396896,11464.2094684259,11605.7551761891,11910.9523428666
"GDP per capita, PPP (current international $)",NY.GDP.PCAP.PP.CD,Turkey,TUR,6146.25838797001,9582.26041727283,16048.9201886918,15483.236773523,17442.8599464888,19660.8894895655,20639.8586676224,22310.5364019299,24029.7434778631,24844.8955515439,25247.2017504961,27916.4453777226
"GDP per capita, PPP (current international $)",NY.GDP.PCAP.PP.CD,Turkmenistan,TKM,5375.3948276821,4227.15842552401,8496.63069297048,8952.45351849578,9741.30529127428,11212.5385130967,12460.7504047201,13697.5549163382,15098.2958617844,15964.7918355795,16875.9877435703,17992.7665983476
"GDP per capita, PPP (current international $)",NY.GDP.PCAP.PP.CD,Turks and Caicos Islands,TCA,..,..,..,..,..,..,..,..,..,..,..,..
"GDP per capita, PPP (current international $)",NY.GDP.PCAP.PP.CD,Tuvalu,TUV,1521.2842660419,2412.29697861061,3143.26576670142,2997.46345269527,2926.03807020878,3181.60172302733,3087.74810817523,3252.70432405357,3328.33086647576,3640.98819885017,3766.48378057387,3924.94460420473
"GDP per capita, PPP (current international $)",NY.GDP.PCAP.PP.CD,Uganda,UGA,497.322563937532,832.084436957035,1382.48700032292,1437.43096900055,1485.20251251361,1602.54481121908,1638.06808856263,1666.97679439316,1724.77202876699,1774.0108189898,1819.43435088296,1863.83510562508
"GDP per capita, PPP (current international $)",NY.GDP.PCAP.PP.CD,Ukraine,UKR,6763.20305813102,3802.54024262986,8395.81254471333,7239.62422604547,7666.2195766859,8281.86712612352,8475.47174617216,8629.67699354523,8684.00960862731,7949.14900233477,8269.61463354542,8666.89653422409
"GDP per capita, PPP (current international $)",NY.GDP.PCAP.PP.CD,United Arab Emirates,ARE,71376.1509096463,81351.36413921,68508.7068152864,58822.146137623,56074.8806872444,58363.6782159597,60513.6197100592,63839.3355752011,67360.3474463876,70887.3907270642,73017.480009563,73878.4676646986
"GDP per capita, PPP (current international $)",NY.GDP.PCAP.PP.CD,United Kingdom,GBR,16934.4325493262,26245.8562106606,36257.5124453907,34589.5665993615,35875.456276784,36607.9810897257,37705.5942229818,39308.1345662744,40707.2009944903,41579.8634115553,42656.2166021995,43876.5993570241
"GDP per capita, PPP (current international $)",NY.GDP.PCAP.PP.CD,United States,USA,23954.4793548671,36449.8551155349,48401.4273403899,47001.5553496818,48375.4069462972,49793.7135249201,51450.9591148182,52782.086508871,54696.7261652327,56443.8172422582,57588.538070583,59531.661964344
"GDP per capita, PPP (current international $)",NY.GDP.PCAP.PP.CD,Uruguay,URY,6360.38252775486,10204.9052386988,14705.5517454897,15391.1969913054,16736.851035164,17904.7458255325,18817.7419612213,19942.5040528324,20887.1617724618,21117.8016023193,21669.97739916,22562.4618321393
"GDP per capita, PPP (current international $)",NY.GDP.PCAP.PP.CD,Uzbekistan,UZB,1984.90340654174,1984.4701197699,3632.74012083063,3890.61017413034,4153.93884603207,4469.99748445762,4853.64970600306,5244.04937972153,5657.88804277716,6069.97866590926,6512.68213066737,6864.99958702884
"GDP per capita, PPP (current international $)",NY.GDP.PCAP.PP.CD,Vanuatu,VUT,1647.68903580596,2237.52451000507,2828.41592722899,2874.84150941218,2888.39827319918,2915.29988538,2952.56851629386,2990.96474026708,3046.91004800777,2988.85053762441,3080.56575433637,3207.83123051269
"GDP per capita, PPP (current international $)",NY.GDP.PCAP.PP.CD,"Venezuela, RB",VEN,9339.95443021821,11424.2044872596,17192.9154506647,16507.3413516962,16210.2899564076,16981.3354907118,18004.4653243772,18281.1929699666,17639.8858445013,..,..,..
"GDP per capita, PPP (current international $)",NY.GDP.PCAP.PP.CD,Vietnam,VNM,939.042719207616,2030.79728784817,3852.18261534963,4050.88709522515,4318.99740521312,4632.76596523658,4909.94506068636,5199.63143103574,5546.18362295482,5915.1708326498,6295.59058534397,6775.83219115817
"GDP per capita, PPP (current international $)",NY.GDP.PCAP.PP.CD,Virgin Islands (U.S.),VIR,..,..,..,..,..,..,..,..,..,..,..,..
"GDP per capita, PPP (current international $)",NY.GDP.PCAP.PP.CD,West Bank and Gaza,PSE,..,3331.35614713822,3470.01798430889,4045.12800028245,4088.33676543012,4356.34182492654,4931.00218360495,4655.14935927811,4550.36642558358,5019.23811469627,5109.71266336244,4885.34187860672
"GDP per capita, PPP (current international $)",NY.GDP.PCAP.PP.CD,"Yemen, Rep.",YEM,2150.41636002381,3086.3547583434,4061.24103478688,4135.86517959412,4388.14475721224,3805.23791665455,3863.28872232734,4007.8219400784,3968.10555258318,2458.38501190642,1595.18606506288,..
"GDP per capita, PPP (current international $)",NY.GDP.PCAP.PP.CD,Zambia,ZMB,1513.66871846388,1666.884355547,2768.42344927823,2961.9905599486,3212.94188088675,3361.11206867093,3574.05851956206,3701.39267367524,3826.62689937761,3862.4784831131,3938.66318847391,4050.26143237201
"GDP per capita, PPP (current international $)",NY.GDP.PCAP.PP.CD,Zimbabwe,ZWE,1684.21136354896,2047.74853985648,1167.21396625993,1293.38613040497,1445.04238595122,1667.13794278369,1905.83787169714,1997.05219854097,2028.01924751714,2036.31925562891,2027.08491546614,2085.67692540711
"GDP per capita, PPP (current international $)",NY.GDP.PCAP.PP.CD,Arab World,ARB,6754.31506558895,9328.02644545132,13672.6887107922,13575.9816626349,14064.0104925321,14444.8779242408,15333.6618720216,15703.1934698792,16011.2529287417,16337.966492506,16716.546903274,16922.1042966739
"GDP per capita, PPP (current international $)",NY.GDP.PCAP.PP.CD,Caribbean small states,CSS,6067.57665520335,9055.3078860074,14425.8127753752,13947.3366106573,14245.9537355729,14601.7363050196,14968.8744551027,15283.8822611987,15558.6421040274,15829.1440840563,15595.5651089226,15761.2108909986
"GDP per capita, PPP (current international $)",NY.GDP.PCAP.PP.CD,Central Europe and the Baltics,CEB,6885.87237782112,10010.4681681246,19612.4476639528,19610.8468910826,20727.8578656753,22150.803143728,22956.181474473,23973.6310744898,24956.1752655506,25841.6093223773,26867.054179839,28888.6190654579
"GDP per capita, PPP (current international $)",NY.GDP.PCAP.PP.CD,Early-demographic dividend,EAR,2684.41234645058,4022.17411966809,6333.42343536059,6443.55192528609,6880.89299424836,7301.14980923302,7644.56628939101,8002.33801681435,8414.25495561745,8762.81661531834,9190.76737216363,9701.62403111838
"GDP per capita, PPP (current international $)",NY.GDP.PCAP.PP.CD,East Asia & Pacific,EAS,3192.3948083691,5710.26810898187,10388.1289948156,10789.3299097175,11721.8453879564,12610.4288550941,13479.3580655251,14402.5664620593,15259.9686449408,16114.483146788,17038.8885637955,18155.582931477
"GDP per capita, PPP (current international $)",NY.GDP.PCAP.PP.CD,East Asia & Pacific (excluding high income),EAP,1439.04438071465,3289.05349521666,7387.85411141301,7938.70524494568,8744.62090470648,9592.57719384116,10420.495307061,11257.5935871937,12133.153485484,12958.5279767493,13845.2334664847,14904.7981500704
"GDP per capita, PPP (current international $)",NY.GDP.PCAP.PP.CD,East Asia & Pacific (IDA & IBRD countries),TEA,1454.75711137023,3324.89979134596,7467.70528852486,8024.29234024525,8838.67026486427,9695.51597676304,10532.0579089013,11377.8232600613,12262.4078292686,13096.2313264887,13991.9349660461,15062.2417138674
"GDP per capita, PPP (current international $)",NY.GDP.PCAP.PP.CD,Euro area,EMU,16947.571833804,25317.1263588074,35746.9960381594,34844.2539600574,35842.4375619427,37434.3496748476,37810.2663894248,38991.8290510105,39921.5664440173,40864.7358951896,42080.9637714729,43784.1433673783
"GDP per capita, PPP (current international $)",NY.GDP.PCAP.PP.CD,Europe & Central Asia,ECS,11561.4389533972,15848.9648063162,25666.8808088515,24949.4924813922,26010.072476319,27766.5996676704,28490.1191815404,29491.7753115304,30248.2454125694,30654.8667021393,31378.6974846785,32780.1438205425
"GDP per capita, PPP (current international $)",NY.GDP.PCAP.PP.CD,Europe & Central Asia (excluding high income),ECA,6428.03944826443,6074.51779309288,14705.5467841981,14209.8508734174,15196.6393851681,17266.7823877214,18183.3728072289,18896.8790337764,19365.2989704603,19184.3161046537,19489.0788702195,20607.0990340302
"GDP per capita, PPP (current international $)",NY.GDP.PCAP.PP.CD,Europe & Central Asia (IDA & IBRD countries),TEC,6429.48047130724,6524.29249205465,15075.5536091611,14699.4033065351,15743.0706138633,17779.5399720927,18694.3227820763,19418.4559814425,19916.8643401442,19838.619705487,20186.000772827,21369.7088645403
"GDP per capita, PPP (current international $)",NY.GDP.PCAP.PP.CD,European Union,EUU,14984.4273453204,22572.6301776936,32957.6720960283,32161.5538474397,33259.6897665408,34720.3356382756,35279.4905322594,36492.3787960779,37502.7299906111,38457.3762940837,39624.7403074343,41326.814162935
"GDP per capita, PPP (current international $)",NY.GDP.PCAP.PP.CD,Fragile and conflict affected situations,FCS,1822.38340771945,2421.02348225319,3443.61087500007,3549.44278957936,3729.31607465323,3547.5570012115,3964.2521902484,4103.65523043544,4126.85802018559,4144.10517640945,4269.80983420982,4394.36939134592
"GDP per capita, PPP (current international $)",NY.GDP.PCAP.PP.CD,Heavily indebted poor countries (HIPC),HPC,958.18823116075,1138.03341883243,1677.44830249614,1716.13668397766,1786.86623475896,1861.85177273813,1952.30725660886,2042.97700880608,2137.35189895217,2209.71500205758,2279.48663064339,2381.36399164068
"GDP per capita, PPP (current international $)",NY.GDP.PCAP.PP.CD,High income,HIC,17851.8367979094,27229.8712787501,37972.1921306322,36929.7779914209,38354.580079294,39921.9799458844,41004.2308657272,42383.1441960153,43570.0585467399,44718.3270851057,45789.0931312271,47400.1468724895
"GDP per capita, PPP (current international $)",NY.GDP.PCAP.PP.CD,IBRD only,IBD,2818.60237373497,4384.1300373089,8328.57986786099,8585.71827984005,9290.69974771088,10067.0289689035,10680.3442209869,11279.10775131,11879.7575577804,12350.29247033,12956.6960566857,13746.468446098
"GDP per capita, PPP (current international $)",NY.GDP.PCAP.PP.CD,IDA & IBRD total,IBT,2516.56212694144,3791.15223912899,7003.45544368649,7206.98223900532,7761.15609410504,8367.25083629487,8846.28237886292,9319.07052823378,9793.6397853532,10149.8006666715,10602.9929341206,11208.9398187891
"GDP per capita, PPP (current international $)",NY.GDP.PCAP.PP.CD,IDA blend,IDB,1937.22648376064,2394.48121718331,3925.11242649506,4048.94314563374,4214.14392041345,4390.12438252999,4561.4506984997,4763.02344533526,5004.3172674692,5144.48070467845,5214.9030059237,5363.8681811431
"GDP per capita, PPP (current international $)",NY.GDP.PCAP.PP.CD,IDA only,IDX,962.443032525005,1257.23387784062,2012.01881516832,2080.90222256185,2187.97021300487,2283.26652524948,2387.08336864988,2522.7112398341,2654.68127761513,2723.79608885949,2812.0482340231,2975.96568906047
"GDP per capita, PPP (current international $)",NY.GDP.PCAP.PP.CD,IDA total,IDA,1299.12872074014,1643.15494986498,2655.45854458546,2742.81035291807,2869.55965466113,2990.23215730484,3116.89213591137,3274.5934875184,3443.76664185369,3537.35636512327,3618.83792757396,3775.4039479205
"GDP per capita, PPP (current international $)",NY.GDP.PCAP.PP.CD,Late-demographic dividend,LTE,2849.28889618611,4737.9114751352,10210.4527414317,10610.5743616936,11547.9753296886,12708.1732795867,13616.2626717464,14474.9909049147,15293.3520364581,15950.3986166739,16704.4161303696,17756.3747533216
"GDP per capita, PPP (current international $)",NY.GDP.PCAP.PP.CD,Latin America & Caribbean,LCN,5811.36454899627,8708.46740812926,12727.4226410178,12515.0867396906,13293.3327883246,14141.6013234072,14633.507471854,15108.3469454542,15408.4110255715,15306.514095092,15346.6719428503,15736.176535603
"GDP per capita, PPP (current international $)",NY.GDP.PCAP.PP.CD,Latin America & Caribbean (excluding high income),LAC,5643.86781402117,8232.51714051134,11934.3754239815,11797.8983634343,12461.3073664177,13233.7235507349,13734.1588902646,14176.1966532297,14517.3449152095,14349.2417246934,14395.5474843393,14734.0543988933
"GDP per capita, PPP (current international $)",NY.GDP.PCAP.PP.CD,Latin America & the Caribbean (IDA & IBRD countries),TLA,5779.60829156815,8628.47826373394,12630.5738061347,12417.9283713246,13201.2901182937,14059.2468858218,14549.6451213278,15024.6441167051,15323.825523334,15217.9906251466,15258.8834212463,15640.8770034631
"GDP per capita, PPP (current international $)",NY.GDP.PCAP.PP.CD,Least developed countries: UN classification,LDC,843.794148516086,1123.73197367976,1907.73799614102,1974.77636625675,2073.93475061091,2158.72883043953,2247.06274708973,2368.28219244911,2484.85011704014,2541.16258362716,2606.85595419668,2741.2935615505
"GDP per capita, PPP (current international $)",NY.GDP.PCAP.PP.CD,Low & middle income,LMY,2424.79556200084,3634.26050120696,6775.56850512266,6987.91719251372,7521.37981855958,8109.18252376366,8587.01454765748,9054.83245918163,9533.67368956379,9887.33762049188,10344.5270585192,10941.4529723776
"GDP per capita, PPP (current international $)",NY.GDP.PCAP.PP.CD,Low income,LIC,933.977922032404,1081.09858338421,1538.61325315634,1589.32051991974,1672.52124411372,1737.57362342879,1790.32332442337,1884.85696591068,1974.44866897923,1963.72993696082,1973.39603208386,2074.99759563104
"GDP per capita, PPP (current international $)",NY.GDP.PCAP.PP.CD,Lower middle income,LMC,1766.38313733524,2512.69954468036,4350.75503381859,4544.73292665921,4869.9203918531,5165.74878576229,5448.64012831524,5757.41629889817,6108.00926386517,6446.5655151537,6789.60508787418,7192.11917754937
"GDP per capita, PPP (current international $)",NY.GDP.PCAP.PP.CD,Middle East & North Africa,MEA,7755.66294965229,10818.2087726705,15882.0676904909,15806.9487227821,16456.6986900741,16964.6460415875,17557.1863346781,17940.6423622846,18390.0166222634,18676.3189448734,19498.7615833369,19896.615116421
"GDP per capita, PPP (current international $)",NY.GDP.PCAP.PP.CD,Middle East & North Africa (excluding high income),MNA,5236.68677016748,7294.82915360657,10898.4393975634,11067.7335068792,11576.4191480951,11532.3557258174,11824.2062766001,12000.8099835727,12267.4865131684,12302.2981769859,13092.1536105922,13567.3513485452
"GDP per capita, PPP (current international $)",NY.GDP.PCAP.PP.CD,Middle East & North Africa (IDA & IBRD countries),TMN,5266.79419399535,7337.15724000747,10983.5741988125,11148.8927642873,11663.9055779576,11617.0172031616,11906.276840659,12089.3887128989,12361.6798568493,12392.0325278777,13191.7501332996,13677.214563931
"GDP per capita, PPP (current international $)",NY.GDP.PCAP.PP.CD,Middle income,MIC,2567.37129529706,3903.19375392518,7389.33633170145,7631.04753035422,8228.13021160684,8888.09502985183,9428.90779517795,9955.75940409434,10497.042520873,10909.8624707577,11438.8006014341,12117.7162666231
"GDP per capita, PPP (current international $)",NY.GDP.PCAP.PP.CD,North America,NAC,23569.6915643083,35736.5062407811,47602.8710006479,46192.1912852048,47550.053297282,48978.0767077502,50524.1556154704,51913.7836041385,53776.0918319851,55259.5928556006,56301.3603619736,58199.7364877801
"GDP per capita, PPP (current international $)",NY.GDP.PCAP.PP.CD,Not classified,INX,..,..,..,..,..,..,..,..,..,..,..,..
"GDP per capita, PPP (current international $)",NY.GDP.PCAP.PP.CD,OECD members,OED,16683.2998700161,25245.6103643525,34849.7424723608,33901.5807061787,35171.4216204456,36587.3163332102,37555.7344465651,38820.167751989,39958.4803198365,40946.3738789787,41944.0236785388,43544.4878395886
"GDP per capita, PPP (current international $)",NY.GDP.PCAP.PP.CD,Other small states,OSS,..,10634.5707754191,19487.5987588248,19674.5906343336,21082.5207291819,22722.0013883364,23462.3393108067,24079.6552587549,24624.5285811085,24980.1471430734,25290.5900476445,25772.2521608867
"GDP per capita, PPP (current international $)",NY.GDP.PCAP.PP.CD,Pacific island small states,PSS,2656.79501257298,3570.78389321079,4650.3988712503,4552.1544378397,4678.76718441672,4902.66069792994,5014.97270918517,5190.60793085044,5440.66178441257,5617.41535964619,5717.58048329619,5940.71335244575
"GDP per capita, PPP (current international $)",NY.GDP.PCAP.PP.CD,Post-demographic dividend,PST,17842.6027299218,26819.3480114547,37471.6092439863,36426.7941609495,37729.1806856903,39128.45050873,40147.9979175032,41516.5200614406,42680.511574435,43709.7661246477,44818.3792306166,46482.4676300265
"GDP per capita, PPP (current international $)",NY.GDP.PCAP.PP.CD,Pre-demographic dividend,PRE,1547.34580089628,1821.31715835448,2917.44517936754,2994.69716138233,3125.29102090436,3253.00173963519,3397.83474016003,3548.7317233212,3670.29189098673,3740.7655330437,3794.00733789862,3829.16303906429
"GDP per capita, PPP (current international $)",NY.GDP.PCAP.PP.CD,Small states,SST,..,9814.33204264376,17521.1084323722,17579.1364335246,18711.1575215015,20039.200963529,20696.445303217,21256.3056768274,21759.105724993,22114.7200506836,22338.2904002144,22772.6750377363
"GDP per capita, PPP (current international $)",NY.GDP.PCAP.PP.CD,South Asia,SAS,1194.16334710811,1997.61120866007,3525.43525868634,3763.32865161547,4088.88982960797,4371.63818306563,4631.41997587087,4924.04675367883,5290.67846680511,5678.73282796046,6066.00585410686,6493.77259044385
"GDP per capita, PPP (current international $)",NY.GDP.PCAP.PP.CD,South Asia (IDA & IBRD),TSA,1194.16334710811,1997.61120866007,3525.43525868634,3763.32865161547,4088.88982960797,4371.63818306563,4631.41997587087,4924.04675367883,5290.67846680511,5678.73282796046,6066.00585410686,6493.77259044385
"GDP per capita, PPP (current international $)",NY.GDP.PCAP.PP.CD,Sub-Saharan Africa,SSF,1624.80907056738,1885.89000188664,2999.08767696981,3037.68461512784,3162.31610659456,3294.6889044495,3389.1780793395,3524.5609600179,3664.70790357009,3726.24949095341,3730.32013292518,3807.05898263725
"GDP per capita, PPP (current international $)",NY.GDP.PCAP.PP.CD,Sub-Saharan Africa (excluding high income),SSA,1623.78369531421,1884.34607084718,2997.3888457188,3036.0447202859,3160.60411368115,3292.82188602744,3387.30726335452,3522.59417093535,3662.6693301858,3724.13762120938,3728.12920337831,3804.78659186282
"GDP per capita, PPP (current international $)",NY.GDP.PCAP.PP.CD,Sub-Saharan Africa (IDA & IBRD countries),TSS,1624.80907056738,1885.89000188664,2999.08767696981,3037.68461512784,3162.31610659456,3294.6889044495,3389.1780793395,3524.5609600179,3664.70790357009,3726.24949095341,3730.32013292519,3807.05898263726
"GDP per capita, PPP (current international $)",NY.GDP.PCAP.PP.CD,Upper middle income,UMC,3312.44720442391,5302.37732908655,10669.7703183183,10989.0969860333,11911.3697366287,13002.5153048247,13860.7017085701,14663.4560353221,15452.1431269324,15980.8795550285,16755.3382139261,17787.03979834
"GDP per capita, PPP (current international $)",NY.GDP.PCAP.PP.CD,World,WLD,5449.07266331568,7927.72007199036,12211.953407569,12178.9048043428,12836.8416512041,13555.6762172915,14103.4458931153,14692.4843959058,15257.4383039826,15710.1676124909,16233.9597454882,16961.1800713273
,,,,,,,,,,,,,,,
,,,,,,,,,,,,,,,
,,,,,,,,,,,,,,,
Data from database: World Development Indicators,,,,,,,,,,,,,,,
Last Updated: 06/28/2018,,,,,,,,,,,,,,,
