Series Name,Series Code,Country Name,Country Code,1998 [YR1998],1999 [YR1999],2000 [YR2000],2001 [YR2001],2002 [YR2002],2003 [YR2003],2004 [YR2004],2005 [YR2005],2006 [YR2006],2007 [YR2007],2008 [YR2008],2009 [YR2009],2010 [YR2010],2011 [YR2011],2012 [YR2012],2013 [YR2013],2014 [YR2014],2015 [YR2015],2016 [YR2016]
"GDP per capita, PPP (current international $)",NY.GDP.PCAP.PP.CD,Afghanistan,AFG,..,..,..,..,875.517610447298,922.829449153001,916.334474798349,1011.59552439759,1065.61966514703,1210.4792652894,1247.06614429099,1482.09883711417,1581.60083598967,1660.73985617959,1873.15394552307,1913.16064354474,1937.23536529999,1926.3573363363,1944.11700479836
"GDP per capita, PPP (current international $)",NY.GDP.PCAP.PP.CD,Albania,ALB,3209.61537164497,3690.68298060151,4029.01697070654,4457.11163824546,4754.65369689757,5114.72169545235,5522.98213441617,5942.88400909312,6631.83568738577,7291.23975121019,8228.33710618171,8813.25200258571,9637.3453676511,10207.7646993323,10526.241215339,10570.9529979079,11259.2645003792,11334.2209323295,11559.3008437783
"GDP per capita, PPP (current international $)",NY.GDP.PCAP.PP.CD,Algeria,DZA,7477.97130873803,7725.88372231708,8093.53089306002,8416.75268223159,8911.68068021151,9621.16094702921,10176.6756327083,10971.8468673725,11332.7898984189,11843.7192081941,12162.2643470867,12242.178137001,12610.2480535971,12990.345016498,13404.4117836409,13715.7435787744,14203.89540132,14614.970429045,15013.2963798624
"GDP per capita, PPP (current international $)",NY.GDP.PCAP.PP.CD,American Samoa,ASM,..,..,..,..,..,..,..,..,..,..,..,..,..,..,..,..,..,..,..
"GDP per capita, PPP (current international $)",NY.GDP.PCAP.PP.CD,Andorra,AND,..,..,..,..,..,..,..,..,..,..,..,..,..,..,..,..,..,..,..
"GDP per capita, PPP (current international $)",NY.GDP.PCAP.PP.CD,Angola,AGO,2208.51755904358,2227.24094072851,2277.37461138374,2349.73159560635,2620.88472318679,2698.04428458828,2948.77024821525,3550.72028414685,4202.20848390361,5128.35344973549,5743.09888126617,5718.68552313564,5778.38080340779,5911.25409210655,6110.42339175039,6403.76755557708,6591.53881963735,6631.61869398451,6440.99024209186
"GDP per capita, PPP (current international $)",NY.GDP.PCAP.PP.CD,Antigua and Barbuda,ATG,13653.9821099635,14029.0870862791,14987.4111579957,14317.2387466327,14480.0801841251,15479.2220822028,16633.544654479,18065.8052304131,20747.3756401227,22996.7058336582,23162.685755127,20271.086351499,18824.073146248,18605.3167543472,19398.0594771818,19480.1025975588,20619.871374785,21462.2869423222,22661.4885361636
"GDP per capita, PPP (current international $)",NY.GDP.PCAP.PP.CD,Argentina,ARG,12132.5103928877,11769.1499747988,11810.0613643332,11419.0588662652,10217.2730997834,11217.5719276888,12430.7137249452,13817.7140737884,15227.5124961234,16865.5447595212,17711.4417867571,16618.1208523782,18333.5436985461,19629.3518451916,19579.0064837139,20161.4968324254,19802.1000113587,20356.9155095569,20042.5400197144
"GDP per capita, PPP (current international $)",NY.GDP.PCAP.PP.CD,Armenia,ARM,2015.10557483509,2126.91516905879,2318.23807343875,2613.78456721754,3020.45398677045,3531.9686429486,4031.94720413531,4769.48900409301,5607.6458691567,6605.21669618151,7260.96875587368,6323.57833605451,6567.25858179835,7022.10394338388,7649.49140943212,7997.38712848925,8397.09917770072,8727.55832544865,8832.76343477124
"GDP per capita, PPP (current international $)",NY.GDP.PCAP.PP.CD,Aruba,ABW,..,..,..,..,..,..,..,..,..,..,..,..,..,35973.780509792,..,..,..,..,..
"GDP per capita, PPP (current international $)",NY.GDP.PCAP.PP.CD,Australia,AUS,24176.0620974682,25250.5128548919,26316.9478781358,27348.1467588511,28706.4378056749,29678.4892945622,31311.6369353764,32539.0815705167,34291.2877576211,36512.5038384729,37409.163067008,40234.4179183421,39274.7642268777,41894.1730524786,42733.9362506181,45794.4042715848,46742.8026541949,46220.2512642307,46144.120814482
"GDP per capita, PPP (current international $)",NY.GDP.PCAP.PP.CD,Austria,AUT,26652.8315743635,27606.4830303088,29375.4047955407,29739.9415290309,31178.6933297272,32106.4660049647,33755.1429267927,35013.7140443423,37627.9709197097,39385.7422696764,41316.225176699,40919.1505775576,42047.0326758635,44452.7327457999,46457.3457770311,47922.0491207455,48787.4915916798,49883.0412977321,50521.4826240632
"GDP per capita, PPP (current international $)",NY.GDP.PCAP.PP.CD,Azerbaijan,AZE,2901.35167222536,3136.09389310516,3534.32914766215,3942.08488219485,4393.96719931842,4945.90791637216,5551.44884183019,7169.15043103855,9830.16260573873,12477.3846859443,13799.7861400733,14900.5086642522,15627.6056198817,15754.1523626148,16180.8871503047,17171.7613655507,17608.3706329028,17782.0261527141,17256.6269704411
"GDP per capita, PPP (current international $)",NY.GDP.PCAP.PP.CD,"Bahamas, The",BHS,23175.9848200419,24910.1012548108,26149.417144362,26972.6720452817,27579.5394604408,27194.1481535347,27596.0255057994,28849.7299556591,29887.1018526489,30535.500500119,29857.2715580086,28325.8786827257,28630.870368075,28941.0282297787,29937.1021672165,29878.0470407833,29977.565612183,30249.7382259305,29779.7979962432
"GDP per capita, PPP (current international $)",NY.GDP.PCAP.PP.CD,Bahrain,BHR,33826.5315820989,34535.5171817884,35622.601699238,35578.8842945325,35516.2932317334,36258.0924833938,37399.8448142104,38466.5622058612,39163.1204531047,40282.9665240104,40557.0243120659,39412.1674086511,39749.8493845143,40164.5827403304,41714.8436088807,44168.3779484071,46180.0376163635,46775.7403335698,47066.7630999618
"GDP per capita, PPP (current international $)",NY.GDP.PCAP.PP.CD,Bangladesh,BGD,1183.37670098855,1232.43447266784,1301.46328479352,1372.36251386772,1420.4312516704,1491.023591885,1586.18216794146,1718.40287298916,1864.19450265239,2024.23209501687,2163.55442727762,2264.87149858925,2393.31583163503,2570.85014525476,2756.44346659312,2934.64435240001,3131.92266183321,3335.75979065344,3579.75598102606
"GDP per capita, PPP (current international $)",NY.GDP.PCAP.PP.CD,Barbados,BRB,11576.7280036228,11758.2512072417,12260.2352012989,12200.7934801985,12450.7199029467,12941.1900144154,13442.0678453314,14381.2256279966,15609.2940250918,16247.5239359455,16512.9010930927,15906.753310353,16085.8495835757,16472.0832008577,16767.0360265371,16982.0993649935,17233.4355534,17525.6492569711,18054.740747176
"GDP per capita, PPP (current international $)",NY.GDP.PCAP.PP.CD,Belarus,BLR,5230.10810524106,5513.83337535777,5994.55725732174,6453.90530834298,6927.55456783626,7616.45895157519,8781.63643780397,9984.19270973925,11389.5512774567,12756.6349737882,14383.16738581,14553.7953661949,15906.7561959696,17166.6956434719,17801.9186985095,18271.7542904885,18903.1590190042,18347.1407011402,18089.0503258733
"GDP per capita, PPP (current international $)",NY.GDP.PCAP.PP.CD,Belgium,BEL,24543.9330228651,25642.2616549851,27983.996115916,28982.595089306,30482.7846512136,31054.3053916126,32249.4994641232,33332.3313498604,35390.8535279226,36866.2656285925,38133.5014644659,38001.9909227332,40091.0099912907,41248.725342013,42354.6314854002,43519.7779201761,44601.3671128873,45414.8905975223,46416.8541977185
"GDP per capita, PPP (current international $)",NY.GDP.PCAP.PP.CD,Belize,BLZ,4640.47507164007,4937.73030265677,5517.23064357771,5747.7622881618,5965.74670021574,6481.05612810796,6793.29723568804,7010.18845020262,7362.52633715806,7445.77114541173,7638.34796057672,7559.53890962285,7717.4725284288,7857.24806614463,8120.91998278189,8130.31595126342,8427.07563491892,8654.85539129625,8540.40422032373
"GDP per capita, PPP (current international $)",NY.GDP.PCAP.PP.CD,Benin,BEN,1210.44911903842,1256.96239341407,1320.88957456507,1380.62022882486,1422.9540625471,1456.36454516645,1516.43028712892,1545.69826491077,1608.7728866525,1701.20707313632,1768.7446574696,1773.16878347771,1781.98706633659,1820.89469315629,1890.14073032202,2002.10660412662,2108.01604124411,2116.03677458311,2167.27284700858
"GDP per capita, PPP (current international $)",NY.GDP.PCAP.PP.CD,Bermuda,BMU,35044.9513449448,36579.5634273514,40535.2082576999,43976.0925063775,43706.034736478,45797.3203552513,47835.4392260251,49877.2841082861,53949.4237061828,56640.9889952538,58288.6120944144,55320.1617108278,55254.2141192067,54984.5103947777,53097.6962878821,52436.056406239,..,..,..
"GDP per capita, PPP (current international $)",NY.GDP.PCAP.PP.CD,Bhutan,BTN,2474.17370780244,2637.73005973375,2804.93275688453,3019.00092965503,3300.16293059307,3524.92675279858,3734.48887014555,4026.34187596839,4331.46190597585,5131.41037736024,5372.13242864557,5664.1278051614,6289.81436412947,6805.87845575689,7162.29347421935,7317.33741383861,7760.09018263967,8245.60530630055,8900.76455308796
"GDP per capita, PPP (current international $)",NY.GDP.PCAP.PP.CD,Bolivia,BOL,3399.25430753221,3399.7349893621,3497.27942818013,3570.05677620502,3647.57122958258,3753.05086469392,3946.70854466843,4180.31826752409,4438.62469927263,4684.94688474023,4986.88053332403,5108.87359361606,5298.08451219437,5598.50844451487,5899.64186063859,6303.06642034157,6662.82976241703,6955.18276973353,7234.19524334693
"GDP per capita, PPP (current international $)",NY.GDP.PCAP.PP.CD,Bosnia and Herzegovina,BIH,3787.99180668366,4205.49210119993,4528.61304464368,4735.17318004362,5114.27417432348,5348.5872235855,5840.6513999857,6453.18663225115,7380.87540733821,8161.68623470688,9006.44700898036,9003.26972919448,9314.88603110754,9901.61020154702,10181.913229555,10825.840024833,11164.2057322716,11526.4243893206,12172.65025508
"GDP per capita, PPP (current international $)",NY.GDP.PCAP.PP.CD,Botswana,BWA,7354.74812157279,8043.51279918659,8251.81945049328,8332.79662706803,8848.10437799182,9314.39571832187,9695.19342940274,10313.6111912576,11346.0494933988,12413.2856854456,13226.6064899232,12098.7929929481,13064.4662387584,13889.2704704923,14506.885230642,16111.1091493253,16765.1596098485,16352.8793260993,16960.9638749829
"GDP per capita, PPP (current international $)",NY.GDP.PCAP.PP.CD,Brazil,BRA,8547.34272483546,8588.20868145488,9012.95542519292,9216.32137733195,9515.10002302958,9690.07249929286,10401.8433355874,10950.5697715337,11603.6023664284,12501.1284070073,13259.7294038113,13212.3784657313,14243.492142124,14973.0984736747,15398.4287039609,15971.0089748595,16195.8711227125,15656.2666699696,15181.4713659756
"GDP per capita, PPP (current international $)",NY.GDP.PCAP.PP.CD,British Virgin Islands,VGB,..,..,..,..,..,..,..,..,..,..,..,..,..,..,..,..,..,..,..
"GDP per capita, PPP (current international $)",NY.GDP.PCAP.PP.CD,Brunei Darussalam,BRN,61685.8075984263,63143.4760880756,65034.8346589503,66960.5208174901,69246.7481773335,71337.235205243,72411.5752831565,73873.2902403918,78398.1896570985,79616.870305081,78682.9808251747,76964.3177723928,78923.3904740313,82434.8830910215,83504.3025184817,81827.2734606771,80155.5429896511,79439.062446088,77420.6123414915
"GDP per capita, PPP (current international $)",NY.GDP.PCAP.PP.CD,Bulgaria,BGR,6008.41037188682,5751.46948475636,6376.85746284045,6914.68883695333,7726.40139821507,8342.56816833388,9126.06781691449,10211.3149300261,11315.0101004177,12798.6946027503,14328.9295392236,14143.6130187685,14948.5975676056,15676.1505350579,16208.2134882088,16631.6615568962,17508.8855040291,18115.2303685143,19242.6226157385
"GDP per capita, PPP (current international $)",NY.GDP.PCAP.PP.CD,Burkina Faso,BFA,794.354172082911,842.120332026115,852.388972667646,903.274517043443,929.931041208174,993.26806080577,1035.52289952551,1127.55874317235,1198.50951694667,1261.416063903,1338.8602973718,1347.57924167077,1394.58472667042,1472.71648241138,1549.4802661889,1616.77927059162,1666.89454400624,1699.8799348695,1771.16213900948
"GDP per capita, PPP (current international $)",NY.GDP.PCAP.PP.CD,Burundi,BDI,606.831741928996,600.902030251972,597.718189253131,609.144754217792,628.199259149723,613.630038895316,639.874227218527,644.786602674403,677.382665500247,704.439858877756,729.462783308925,735.701234336554,748.380657602419,771.509423734821,793.080192119077,818.28521331237,846.094868209195,796.960811411939,777.752851658978
"GDP per capita, PPP (current international $)",NY.GDP.PCAP.PP.CD,Cabo Verde,CPV,2401.0899919634,2654.42037886116,3039.91935103396,3116.71101640519,3268.9136058476,3412.64207822292,3801.92990757416,4134.49758438051,4542.1405529358,5308.1341722015,5710.16341956672,5620.53931728869,5710.34425217671,5991.77849034175,6097.22155382914,6171.85798773012,6245.0054820895,6298.8037717756,6541.09976404895
"GDP per capita, PPP (current international $)",NY.GDP.PCAP.PP.CD,Cambodia,KHM,887.740333055814,991.403292964147,1097.7555894619,1182.05187678882,1255.64420455112,1366.00418525261,1523.77547626251,1753.44198313158,1971.62732569284,2197.82997810164,2355.79030530531,2340.38172140597,2471.89147442893,2658.70924674351,2858.71357016753,3067.55302955128,3291.28476181889,3504.41825365613,3736.96461203482
"GDP per capita, PPP (current international $)",NY.GDP.PCAP.PP.CD,Cameroon,CMR,1935.42272118738,1998.69349162714,2063.82352270855,2147.15482757839,2214.14894780669,2300.10437609214,2457.35151576487,2519.09001086173,2614.41042613163,2739.67288522194,2812.64505460119,2817.98765363956,2870.56268713564,2969.0475747898,3076.85813905275,3208.26832603863,3367.17697419567,3502.40788727502,3609.37559694929
"GDP per capita, PPP (current international $)",NY.GDP.PCAP.PP.CD,Canada,CAN,26117.6117299565,27656.6769217414,29185.3550587258,30073.912805211,30851.3114815056,32189.0615956597,33754.8695616172,36134.6022423077,38009.875996482,39441.9677890234,40277.6193121099,38791.0746857483,40027.2402088674,41565.2712210369,42145.0978611317,44101.4714464506,45519.7939192537,44647.3642265863,44819.4836002717
"GDP per capita, PPP (current international $)",NY.GDP.PCAP.PP.CD,Cayman Islands,CYM,..,..,..,..,..,..,..,..,..,..,..,..,..,49903.0285395752,..,..,..,..,..
"GDP per capita, PPP (current international $)",NY.GDP.PCAP.PP.CD,Central African Republic,CAF,641.246530082119,659.981626863929,644.43989516488,674.680269804975,696.114184240571,659.181097713977,704.920767682578,721.248996621022,765.187163842712,807.516137154305,826.813417054097,836.011042410341,863.320204720472,904.610485797435,956.117396809463,613.734675996452,629.046425106389,661.88762493035,693.30690972402
"GDP per capita, PPP (current international $)",NY.GDP.PCAP.PP.CD,Chad,TCD,827.987232582298,805.57891619743,787.225118686826,865.77638240656,917.828426528627,1033.58346793282,1366.99601139243,1596.8359830663,1600.20122553425,1640.78038737086,1668.57798496799,1695.96330988651,1886.25106054051,1863.84560539765,1999.03494822396,2077.06024824585,2187.62741095833,2201.18269886883,2025.73724557589
"GDP per capita, PPP (current international $)",NY.GDP.PCAP.PP.CD,Channel Islands,CHI,..,..,..,..,..,..,..,..,..,..,..,..,..,..,..,..,..,..,..
"GDP per capita, PPP (current international $)",NY.GDP.PCAP.PP.CD,Chile,CHL,9009.31721071349,8995.18118959855,9571.97894148125,9994.17091790155,10343.2273836998,10858.8014337216,11831.3100517949,12774.7312248309,15773.823019032,16971.7667088299,16551.3071523277,16226.2069326139,18265.3425272305,20437.704525923,21620.2809667472,22578.7289196522,22978.1913015912,22785.8180304618,23476.4267994692
"GDP per capita, PPP (current international $)",NY.GDP.PCAP.PP.CD,China,CHN,2458.63066104439,2664.48503120314,2933.31481687007,3226.84845645728,3551.66365190754,3961.27389293916,4455.20502164089,5092.55983719014,5883.71937721515,6863.98175467412,7635.07261093725,8374.43227112406,9333.12423690653,10384.3665989406,11351.0620576921,12367.9650091944,13440.4774628301,14450.094990196,15530.6342741802
"GDP per capita, PPP (current international $)",NY.GDP.PCAP.PP.CD,Colombia,COL,6528.90017378781,6256.81018104118,6585.33413813744,6750.68713876565,6927.32125259077,7241.33125833067,7732.31947622413,8248.35534178596,8957.34111756549,9710.91759594356,10132.2656612857,10260.2266790265,10680.0030066548,11496.4777054381,12058.3437579632,12725.0437311283,13395.516199343,13827.6727863559,14165.4512227635
"GDP per capita, PPP (current international $)",NY.GDP.PCAP.PP.CD,Comoros,COM,1052.88627667455,1061.83032068337,1173.81752641852,1198.67108591666,1215.64491347725,1236.16601038234,1264.15613509177,1310.26538212601,1353.51944109414,1367.48883961449,1366.64754971748,1370.46688388663,1383.9296940583,1414.61172325694,1448.4276861253,1487.11050669385,1508.62041667457,1504.71658081263,1521.85721808214
"GDP per capita, PPP (current international $)",NY.GDP.PCAP.PP.CD,"Congo, Dem. Rep.",COD,515.433430909588,489.425306062329,454.311540544814,442.517363897191,449.176522500066,469.058236547122,498.483440962345,528.961698431253,556.029511433653,587.094398105453,615.277912065108,616.850051937035,646.855793437798,682.43215537283,719.81754613007,767.477239667371,827.316766402232,865.099462663762,868.221543211932
"GDP per capita, PPP (current international $)",NY.GDP.PCAP.PP.CD,"Congo, Rep.",COG,3452.939884821,3319.54770079494,3551.09264907498,3667.70832941913,3790.19484193496,3791.12980302899,3915.74080755105,4223.07435545744,4474.88010752481,4369.05228717674,4543.92488890468,4760.4444983099,5081.43214469695,5213.94692099844,5368.26568966105,5502.48287322744,5834.00976153059,5902.42965114336,5662.79809114461
"GDP per capita, PPP (current international $)",NY.GDP.PCAP.PP.CD,Costa Rica,CRI,7286.41497983041,7527.11162305639,7829.81296167726,8139.81010264789,8397.30253575193,8793.38314665954,9289.50331735902,9817.00119402593,10697.4635440799,11714.2147368533,12329.930057934,12141.9349812074,12737.0201761635,13397.2305422386,14133.6881806511,14524.6715007822,15140.4703680613,15694.6192037295,16387.0490387679
"GDP per capita, PPP (current international $)",NY.GDP.PCAP.PP.CD,Cote d'Ivoire,CIV,2375.0465599391,2387.90845185766,2336.35692095684,2342.85499642351,2295.19139940123,2268.27229211947,2317.61436177941,2388.43219498255,2450.59677799087,2508.37389933617,2567.19074324489,2612.06386869209,2635.83777138699,2511.42019511915,2762.34142570319,2980.26505984223,3217.771021641,3451.87741812407,3693.6523955676
"GDP per capita, PPP (current international $)",NY.GDP.PCAP.PP.CD,Croatia,HRV,9831.24681316676,9748.710079678,10753.2483025995,11309.0342065658,12283.7311647432,13121.6213686635,14092.5964451599,14859.360272224,16927.2265820237,18775.0180752524,20246.9894249813,19447.294585536,19239.748618533,20750.4433202401,21162.9955563574,21779.9839888272,22057.0055290571,22723.6142631873,23710.4090935342
"GDP per capita, PPP (current international $)",NY.GDP.PCAP.PP.CD,Cuba,CUB,..,..,..,..,..,..,..,..,..,..,..,..,..,..,..,..,..,..,..
"GDP per capita, PPP (current international $)",NY.GDP.PCAP.PP.CD,Curacao,CUW,..,..,..,..,..,..,..,..,..,..,..,..,..,..,..,..,..,..,..
"GDP per capita, PPP (current international $)",NY.GDP.PCAP.PP.CD,Cyprus,CYP,18935.0149762087,19881.0551380653,21709.1550859041,23263.4339040562,23964.7554398253,24300.463231998,26082.7596388336,28169.5568797536,30482.6076353537,32993.2822676341,34823.6542391999,33882.0964676342,33263.0158296105,33192.5929772985,31914.6243464725,30620.7071488539,30383.5148225188,31523.9268785245,32882.2186186017
"GDP per capita, PPP (current international $)",NY.GDP.PCAP.PP.CD,Czech Republic,CZE,14894.2335413301,15324.1064301742,16188.2271902154,17569.1058336591,18189.2343541554,19424.7547140675,20806.6089064521,21956.3838583853,23779.5737230159,26120.375076047,27844.7953264656,27594.3468593931,27694.4019837579,28797.4179611691,29047.2464395949,30485.7141541113,32263.3157548997,33468.7264974291,34749.2123632656
"GDP per capita, PPP (current international $)",NY.GDP.PCAP.PP.CD,Denmark,DNK,25792.5810924523,26653.8293359841,28657.5407904467,29474.1381513789,30640.3450364796,30784.1352235764,32920.4770348199,34150.1557953743,37300.4928413295,38961.7706129441,41278.328843462,40332.4514172306,43041.5420245418,44403.3941459257,44803.9622367418,46726.853320478,47901.4475803125,48674.8407494886,49029.0148389124
"GDP per capita, PPP (current international $)",NY.GDP.PCAP.PP.CD,Djibouti,DJI,..,..,..,..,..,..,..,..,..,..,..,..,..,2705.40558882684,..,..,..,..,..
"GDP per capita, PPP (current international $)",NY.GDP.PCAP.PP.CD,Dominica,DMA,6120.94438012192,6291.7193780794,6480.08268298602,6659.68695053491,6628.72186047005,7252.68597954324,7663.05159606597,7874.89186403854,8333.38880094264,9077.60808148951,9897.4504642508,9834.51240816593,9991.97628607623,10135.2740298011,10164.9581567007,10215.8789204852,10803.2619103343,10586.7704070825,10947.7152243907
"GDP per capita, PPP (current international $)",NY.GDP.PCAP.PP.CD,Dominican Republic,DOM,5826.48046509905,6168.34672306237,6499.85349756259,6706.14488963796,7006.28607403313,6943.33020500863,7208.89873942054,8023.78231848281,8900.15465356918,9677.25736820112,10044.0995602192,10078.8701375143,10907.3564141427,11333.5470863931,11706.6926041864,12322.3862089174,13339.7627043004,14264.8354918036,15227.9420223578
"GDP per capita, PPP (current international $)",NY.GDP.PCAP.PP.CD,Ecuador,ECU,6079.38954228811,5768.53565627607,5855.63475390995,6120.93089577906,6360.96873310267,6555.37274179298,7169.97230475119,7664.28927281167,8110.48556053097,8366.14544413312,8920.50082665879,8889.21352587757,9163.15913647781,9926.90344109607,10512.3187519049,11037.3467676481,11483.9968026309,11446.3651373736,11242.0475160365
"GDP per capita, PPP (current international $)",NY.GDP.PCAP.PP.CD,"Egypt, Arab Rep.",EGY,5233.58739637793,5535.52196734252,5856.2217206123,6086.4197384461,6207.54169225174,6410.52373184808,6728.86131609625,7124.48986200231,7708.0475610928,8327.41081259923,8939.28213481048,9255.38392726248,9658.06521473712,9823.82328675711,10003.3542171587,10156.4148475603,10407.7816716365,10750.4563039463,11134.0267191301
"GDP per capita, PPP (current international $)",NY.GDP.PCAP.PP.CD,El Salvador,SLV,4243.41912345635,4366.31939480185,4483.29914705679,4595.67255638507,4712.58643713754,4856.11587636099,5009.56294565618,5285.92073138814,5659.10415095653,5891.54443635557,6107.96453987416,5999.64467425256,6173.31934105825,6511.44372701893,6786.56246328815,7026.60937352046,7258.96754330528,7474.91370431052,7726.17044367092
"GDP per capita, PPP (current international $)",NY.GDP.PCAP.PP.CD,Equatorial Guinea,GNQ,6011.99854560297,7368.03553684387,8554.62758357766,13726.6340440764,15984.2427047391,17823.7532919607,24219.667671626,27933.4654483602,29643.9263504681,33513.7421054508,38441.3483297428,37496.5682212741,33041.1883529952,34363.1529063453,36288.4062684229,33877.5422420033,33228.1611784238,29341.4877093529,26142.0895255227
"GDP per capita, PPP (current international $)",NY.GDP.PCAP.PP.CD,Eritrea,ERI,1392.29154214059,1380.37759337174,1330.93984994087,1436.29221751617,1453.33365631842,1395.23187180889,1409.0430341793,1450.33341729727,1444.85802970892,1473.07494141085,1329.64437262065,1366.59093114871,1387.71466344319,1510.45892910899,..,..,..,..,..
"GDP per capita, PPP (current international $)",NY.GDP.PCAP.PP.CD,Estonia,EST,8358.77921078336,8368.20958176921,9419.75695120623,10311.3540444841,11590.6031705331,13063.8080340009,14424.594202025,16516.1438725455,19260.4933930278,21960.507498394,22664.0393274715,20498.7060613234,21602.7407439834,24543.0674715452,26022.4688470951,27495.7344185694,28538.4286440465,28688.9687744908,29743.3374280246
"GDP per capita, PPP (current international $)",NY.GDP.PCAP.PP.CD,Ethiopia,ETH,448.272271194173,464.958894732165,490.036390791223,527.317249948666,528.064520044195,512.077545771551,580.921473952381,652.106061397485,724.901694235947,807.436564543538,888.142451706092,948.224952260441,1052.10426150867,1162.78331740492,1253.24331774066,1371.98167052453,1500.65454785138,1632.55180551359,1734.46407451719
"GDP per capita, PPP (current international $)",NY.GDP.PCAP.PP.CD,Faroe Islands,FRO,..,..,..,..,..,..,..,..,..,..,..,..,..,..,..,..,..,..,..
"GDP per capita, PPP (current international $)",NY.GDP.PCAP.PP.CD,Fiji,FJI,4828.09018157051,5292.48748890484,5289.88152104758,5498.34166469056,5750.99191949907,5917.52896377947,6388.9939041527,6612.74768825184,6895.23751598187,6956.30486613424,7093.550249278,6976.98370264113,7203.36569339968,7488.82938057572,7676.77869438776,8113.23614540101,8661.65588296187,9027.54243817248,9109.95192354859
"GDP per capita, PPP (current international $)",NY.GDP.PCAP.PP.CD,Finland,FIN,23539.3318132012,24768.6467026728,26748.6310534523,27793.7183316416,28567.1712020759,28982.9238590739,31129.2996354346,31993.4072568579,34367.4742778969,37696.6476231686,39969.3875987055,37823.2291881784,38775.1748566366,40683.5275821703,40620.176066035,41293.5157728524,41470.2023590157,42071.1912691938,43378.1460288181
"GDP per capita, PPP (current international $)",NY.GDP.PCAP.PP.CD,France,FRA,23340.0047546708,24307.4987876484,26090.1016614759,27524.4299415271,28523.8857271382,28139.55706347,29044.3961050649,30498.5792943609,32439.0617600346,34082.4591581361,35095.260231603,34678.9415827013,35935.0261951419,37440.6414948094,37679.1332569372,39523.8701233957,40141.5903200769,40564.4607069076,41357.98693296
"GDP per capita, PPP (current international $)",NY.GDP.PCAP.PP.CD,French Polynesia,PYF,..,..,..,..,..,..,..,..,..,..,..,..,..,..,..,..,..,..,..
"GDP per capita, PPP (current international $)",NY.GDP.PCAP.PP.CD,Gabon,GAB,15968.1190781078,14400.9586541796,14095.0730293988,14360.897575581,14183.779024889,14415.9909765159,14520.3038828368,14961.7510425777,14555.8228301473,15369.2530793365,14686.6143195866,14347.322973039,15045.1581815663,15893.5477170288,16457.3922458255,17078.4986442906,17569.9544054586,17928.8920096283,18071.2568901822
"GDP per capita, PPP (current international $)",NY.GDP.PCAP.PP.CD,"Gambia, The",GMB,1118.06789385979,1172.99542594013,1228.24577644183,1288.66416741923,1226.48347722468,1294.58263867644,1378.77324487319,1365.19389447979,1378.27416411243,1420.51142799353,1483.75834668804,1541.95930326616,1610.98159758957,1524.7687739658,1589.07236339983,1640.01090289255,1633.06302099455,1669.74580977448,1676.87879487811
"GDP per capita, PPP (current international $)",NY.GDP.PCAP.PP.CD,Georgia,GEO,2341.56821514743,2464.73002348505,2587.02780948458,2793.30265052067,3011.61687737918,3455.75504757794,3808.34501162892,4364.78650465253,4985.27652284394,5825.77326507009,6155.92744153496,6054.39489734577,6597.56854892246,7315.0908976643,8026.50718674543,8541.81225964198,9216.71626359249,9610.54338228378,10004.5284138636
"GDP per capita, PPP (current international $)",NY.GDP.PCAP.PP.CD,Germany,DEU,25371.8646895964,26360.1471893926,27293.7675581123,28499.6060827904,29326.9120734283,29987.9124977414,31428.6306368193,31968.4674473589,34246.2076453949,36444.5156883908,38028.772143518,37035.7800292733,39225.5999941663,42692.5197566424,43564.1480172353,45232.1978530818,47092.4883721197,47810.8360109883,48943.1018045093
"GDP per capita, PPP (current international $)",NY.GDP.PCAP.PP.CD,Ghana,GHA,1672.44100555466,1730.42720442377,1790.59778708051,1857.30789293589,1920.93958193451,2008.47880778005,2123.22505207558,2260.99957864297,2415.53741448726,2520.72806390845,2733.2853527196,2814.35809995882,2997.49649055173,3404.45956595241,3699.35719940287,3940.09737535096,4075.34121041294,4181.41284212256,4295.21767034808
"GDP per capita, PPP (current international $)",NY.GDP.PCAP.PP.CD,Gibraltar,GIB,..,..,..,..,..,..,..,..,..,..,..,..,..,..,..,..,..,..,..
"GDP per capita, PPP (current international $)",NY.GDP.PCAP.PP.CD,Greece,GRC,18018.8062032013,18464.7321030753,19515.7893177015,20981.0139351779,22615.9356489706,23868.5244135592,25446.3832605934,25577.5240795599,28523.2423307477,29286.8729076901,30856.0118268477,30359.9252972847,28175.8555167678,26141.3195918975,25284.4640766238,26097.8719008736,26838.4552283268,26697.2485044179,26764.961606123
"GDP per capita, PPP (current international $)",NY.GDP.PCAP.PP.CD,Greenland,GRL,..,..,..,..,..,..,..,..,..,..,..,..,..,..,..,..,..,..,..
"GDP per capita, PPP (current international $)",NY.GDP.PCAP.PP.CD,Grenada,GRD,6590.0075983281,7143.709695602,7650.04492066059,7648.71243333686,8013.32839432602,8922.58801466765,9083.64360303752,10590.1681815382,10448.2425888286,11347.1334934115,11640.8645214302,10915.0675874433,10951.8841081545,11220.828366136,11252.0234242385,11655.4074601893,12681.8138671393,13585.5046357208,14200.0071938055
"GDP per capita, PPP (current international $)",NY.GDP.PCAP.PP.CD,Guam,GUM,..,..,..,..,..,..,..,..,..,..,..,..,..,..,..,..,..,..,..
"GDP per capita, PPP (current international $)",NY.GDP.PCAP.PP.CD,Guatemala,GTM,4506.85042710327,4645.98509760196,4811.82562076063,4920.47503619634,5068.51924321412,5176.76360612651,5359.66910995041,5582.00875802146,5926.81529003102,6324.93878582169,6515.05758299598,6456.22189555523,6578.24729507297,6844.4956401592,7026.19387401792,7249.27875612849,7529.39206753966,7765.75727079973,7946.67768789209
"GDP per capita, PPP (current international $)",NY.GDP.PCAP.PP.CD,Guinea,GIN,1055.64200233847,1093.30680143131,1126.03437757687,1172.19164002565,1228.88743006617,1245.52781485182,1284.83065885846,1339.17800862034,1368.1055962668,1468.41425089961,1524.95651322497,1485.77474811875,1541.71430066062,1625.56027314058,1715.17682156794,1771.39299774767,1827.44210331142,1872.3677580152,2043.06018975282
"GDP per capita, PPP (current international $)",NY.GDP.PCAP.PP.CD,Guinea-Bissau,GNB,1012.33532792491,1020.60906546851,1080.62290231447,1107.80424651996,1091.33345605548,1095.97155459233,1132.22942376232,1191.60821892995,1228.26758649834,1272.12325508633,1307.09707829264,1328.55148362155,1372.03586383069,1475.38909048806,1438.98155643909,1470.89998434247,1472.97836903676,1540.31513190105,1616.42380033177
"GDP per capita, PPP (current international $)",NY.GDP.PCAP.PP.CD,Guyana,GUY,3378.0079531389,3544.0636266698,3584.18902212924,3753.52327939365,3853.14095984564,3890.60819186055,4130.39283150272,4183.79474624427,4541.68037515656,5001.41466198997,5211.15785694213,5441.77559867703,5729.56312108395,6130.83761606119,6538.3765807766,6930.2876937459,7275.07368535638,7535.97647088253,7836.37917629736
"GDP per capita, PPP (current international $)",NY.GDP.PCAP.PP.CD,Haiti,HTI,1326.62738415982,1359.41533364932,1378.69205104706,1372.37007922337,1367.56725535245,1377.79477426808,1344.44591879811,1390.75778198307,1442.97690088652,1507.28906946513,1526.16950942459,1561.3874087187,1471.64864918954,1562.27887385753,1614.02589559014,1686.17153257923,1741.18434038919,1758.3344598491,1783.94018985826
"GDP per capita, PPP (current international $)",NY.GDP.PCAP.PP.CD,Honduras,HND,2580.26357847879,2503.45985595865,2638.27229240659,2701.98036090138,2775.91143956389,2888.18378572379,3078.01306027875,3291.93209954546,3535.36019062066,3770.76574977513,3923.59702090081,3779.31896670342,3890.85140670074,4046.07625166556,4213.02444982689,4323.24446721271,4457.44957792311,4599.65014412708,4752.48484803485
"GDP per capita, PPP (current international $)",NY.GDP.PCAP.PP.CD,"Hong Kong SAR, China",HKG,23963.4764557868,24703.004085741,26962.5594901471,27528.0599861023,28288.1400342591,29792.7915546313,33016.7523685762,36437.4276324354,39940.8033943314,43280.9264687289,44800.1739750295,43935.6583386726,47134.5556511053,50085.9593288483,51306.3328407537,53536.2533847523,55610.5234346003,57068.0404312648,58681.6180611178
"GDP per capita, PPP (current international $)",NY.GDP.PCAP.PP.CD,Hungary,HUN,10403.0310957431,10894.7522824166,11876.0811672002,13241.9966199271,14549.5861777074,15467.2397225026,16251.3808463318,17081.7743442989,18300.3256736322,19026.8397295473,20678.6799120892,20648.0551358014,21555.8591129762,22841.2103381104,23094.4733308159,24463.1994713915,25524.7176219966,26147.5373739471,26700.7560826351
"GDP per capita, PPP (current international $)",NY.GDP.PCAP.PP.CD,Iceland,ISL,28528.5134780032,29344.4286912754,29453.426649526,31534.1456922704,32219.7243452294,32338.1824754515,35332.6443654179,36965.1403161226,38718.0141916847,40780.0958114047,42721.162860495,41195.9596647895,38535.3270617591,39621.9356635285,40696.0377995462,42821.2850368123,44546.0104478288,47499.6253846535,50745.682977113
"GDP per capita, PPP (current international $)",NY.GDP.PCAP.PP.CD,India,IND,1746.49487542087,1895.4408312104,1977.64502308403,2083.8245500658,2159.35975981567,2336.47308130585,2549.26588890609,2830.40507390547,3138.63381586819,3484.88468152655,3637.64302867069,3920.00613882149,4315.59602443676,4635.87913658849,4916.48579000261,5250.51236297383,5672.9269732679,6130.06751531789,6573.93215524133
"GDP per capita, PPP (current international $)",NY.GDP.PCAP.PP.CD,Indonesia,IDN,4309.33592588889,4348.65620469532,4601.8493370402,4810.75564494874,5033.94912818407,5305.68332867568,5647.2412800074,6076.57788764509,6517.94909334167,7019.7489297558,7486.01947001863,7787.12362408401,8262.89926894218,8837.82012171405,9421.58695312812,9979.5172919759,10537.6600152547,11040.1972130227,11610.9931218733
"GDP per capita, PPP (current international $)",NY.GDP.PCAP.PP.CD,"Iran, Islamic Rep.",IRN,9719.1904197721,9774.59085191491,10411.5492390586,10577.4574289537,11369.8500414414,12457.5044975487,13205.623273761,13904.5951392983,14878.0425992546,16335.4977518075,16511.0329816887,16611.9980174545,17579.8739367267,18192.1055960586,16932.1772128244,16954.5131551469,17828.6399580851,17571.222242865,19948.8165996546
"GDP per capita, PPP (current international $)",NY.GDP.PCAP.PP.CD,Iraq,IRQ,8278.30186335615,9585.6159924324,9651.69010222984,9813.44306009133,9020.76944184192,5989.83684798327,9239.30972550257,9701.2380973037,10740.8354073169,10905.9119585247,11736.7381584753,11905.1964098877,12460.3379670716,13261.6014514347,14895.3919814721,15754.3997892057,15631.3548972166,16050.5619107593,17516.2590836108
"GDP per capita, PPP (current international $)",NY.GDP.PCAP.PP.CD,Ireland,IRL,25039.0084647746,26995.1984585512,30173.2048396099,32572.6592555044,35210.8574705752,36235.3768577142,38683.0172420208,40438.1051392424,44211.1245009631,46751.5952871405,44280.6914596491,41613.3441852022,43298.6941393342,45147.3762396776,46374.2395088883,48067.1207118188,50994.3061395943,68576.7443262317,71388.7596796249
"GDP per capita, PPP (current international $)",NY.GDP.PCAP.PP.CD,Isle of Man,IMN,..,..,..,..,..,..,..,..,..,..,..,..,..,..,..,..,..,..,..
"GDP per capita, PPP (current international $)",NY.GDP.PCAP.PP.CD,Israel,ISR,22056.5446622983,22600.0550768224,24935.3497631378,24932.5982243228,25213.5390548009,23799.0902788285,25228.0869701705,24819.9540981585,25676.0701396933,27496.2116161345,27399.4476428399,27498.5653661926,28828.321525657,30558.3912790325,31708.0871068513,34128.9564769879,34086.5487590247,35888.8758935766,37258.2235945673
"GDP per capita, PPP (current international $)",NY.GDP.PCAP.PP.CD,Italy,ITA,24926.5639256556,25531.6247555125,27022.8616064222,27955.8776709222,28641.5581477929,29079.3072222922,29457.8909702885,30051.7732668053,32336.1613429653,33990.6177500287,35402.9168527156,34507.7530042292,35042.1953701135,36347.3424784176,36237.1104277204,36131.1321123599,36070.8055952064,36640.1155779484,38380.1724117843
"GDP per capita, PPP (current international $)",NY.GDP.PCAP.PP.CD,Jamaica,JAM,6042.54551193115,6143.96530598176,6286.54152656395,6467.24084525851,6651.86609139788,6989.00194385941,7232.86606927926,7488.69679806739,7897.64095432481,8178.92083434298,8228.21933399213,7891.6927340814,7834.27097755,8099.15557308659,8163.70283221626,8305.30412523886,8481.50726453102,8620.35652376923,8821.31142953404
"GDP per capita, PPP (current international $)",NY.GDP.PCAP.PP.CD,Japan,JPN,25052.6971420619,25325.7072638772,26838.8686465804,27495.6852002877,28160.1076146939,28921.5969240829,30361.8149725657,31663.4530989772,33098.909990345,34502.2349144723,34798.7658977271,33192.6797722167,35000.3212093644,35774.6967129559,37191.3859456258,38974.0794886127,39179.155610609,40717.3243779285,42281.1881895781
"GDP per capita, PPP (current international $)",NY.GDP.PCAP.PP.CD,Jordan,JOR,5305.12629500575,5473.34185777264,5734.63912199427,6066.9310912924,6400.53921310897,6662.1121620235,7245.3862764916,7835.08840019565,8405.60116964429,8944.4889271251,9332.54246167348,9436.67702231979,9281.1472117003,9214.20662405696,9129.38977869367,9062.04051892212,9082.96015199425,9041.81756496415,9047.76892340397
"GDP per capita, PPP (current international $)",NY.GDP.PCAP.PP.CD,Kazakhstan,KAZ,6652.40683869269,7002.96092390622,7887.89298389755,9172.36917771712,10225.4459030199,11360.9933343624,12705.4338539843,14259.0186988815,16098.5109088513,17793.1478794981,18513.9254122489,18387.0636545755,19690.0339134042,21276.9340240625,22391.318229599,23773.4355563448,24847.8587634802,25049.9355363552,25286.4337247112
"GDP per capita, PPP (current international $)",NY.GDP.PCAP.PP.CD,Kenya,KEN,1670.62346372774,1688.19165412096,1690.01224570571,1745.52162117564,1734.12346917805,1771.66443437753,1861.7994872287,1980.26039634616,2114.33578129047,2256.34903497973,2243.36907274976,2271.96871881742,2425.9244398602,2556.96287205963,2650.53887656498,2776.59848517908,2900.37069995395,3019.95195248195,3156.11893173745
"GDP per capita, PPP (current international $)",NY.GDP.PCAP.PP.CD,Kiribati,KIR,1515.76411163523,1489.42216915616,1590.90878692919,1576.12179550775,1632.68964597915,1669.00013868252,1656.26479805775,1759.55825960783,1748.30139267761,1795.29113079429,1757.8325841248,1738.72551643381,1696.51197430927,1706.4809532381,1794.51840799453,1894.77907423045,1912.12984385921,2094.91000428386,2108.53774118545
"GDP per capita, PPP (current international $)",NY.GDP.PCAP.PP.CD,"Korea, Dem. People’s Rep.",PRK,..,..,..,..,..,..,..,..,..,..,..,..,..,..,..,..,..,..,..
"GDP per capita, PPP (current international $)",NY.GDP.PCAP.PP.CD,"Korea, Rep.",KOR,14608.8405971189,16392.8086272699,18083.0841020476,19184.3860950104,20775.1051401435,21374.4967775973,22947.2231626824,24196.4238503746,25827.7945958377,27822.8601375008,28655.9835241828,28320.3191206544,30376.8718192526,31228.5106952266,32097.164002476,32615.7725895835,33587.5833961446,35203.734140356,36629.8646004377
"GDP per capita, PPP (current international $)",NY.GDP.PCAP.PP.CD,Kosovo,XKX,..,..,3664.14159379505,4755.30208379312,4791.20218863612,5175.46117194122,5452.9783855118,5963.96045474574,6372.60818714917,6962.72108232358,7228.7700988211,7466.85058613755,7745.71818840665,8215.22393963883,8541.07527019267,8883.79998154946,9163.13339732808,9748.77384525459,10193.4110500557
"GDP per capita, PPP (current international $)",NY.GDP.PCAP.PP.CD,Kuwait,KWT,57966.2322910105,54235.247198719,55420.7226520071,55510.3557520651,57119.7458549819,67552.4274127553,75528.223525721,83224.5748785044,88328.0160671089,91268.6072278965,90011.7821675039,79296.8647413636,73682.8683779231,77459.5383056761,79047.7638712039,76667.7063327707,74617.6919660477,72918.0037634406,74263.9986260609
"GDP per capita, PPP (current international $)",NY.GDP.PCAP.PP.CD,Kyrgyz Republic,KGZ,1488.33130299786,1543.2454791398,1644.31197512554,1754.55434080131,1764.90516073861,1906.55626097525,2071.41749206374,2110.37793567517,2218.72793379545,2448.89919937998,2681.1221868103,2746.10265504845,2733.72933718566,2920.6032099095,2922.70287320038,3229.34934856528,3351.67099930075,3447.60825022898,3569.51838990232
"GDP per capita, PPP (current international $)",NY.GDP.PCAP.PP.CD,Lao PDR,LAO,1728.72428034126,1850.89123039639,1969.70170420648,2096.90798573678,2221.18641118141,2367.44581130369,2548.39891096785,2773.57107580633,3054.58177858015,3317.14745376173,3585.16717773805,3820.36145403282,4133.44186803688,4495.1521504627,4882.41856003354,5293.96335775359,5727.01148615946,6128.35823784803,6549.66799974824
"GDP per capita, PPP (current international $)",NY.GDP.PCAP.PP.CD,Latvia,LVA,7070.92366707607,7405.28578408473,8018.05037265523,9042.66783085124,10070.00251116,11025.8348169101,12218.7279613116,13847.6341176287,15754.6178019202,18126.1511193455,19432.2232876513,16868.8166654817,17575.7296974062,19773.3837201521,21252.7185325774,22676.3802138837,23808.014876655,24510.1620574717,25586.2887008349
"GDP per capita, PPP (current international $)",NY.GDP.PCAP.PP.CD,Lebanon,LBN,9851.48966526529,9822.25975257832,9933.07926088133,10161.7314734256,10176.4546082687,10196.8175021677,10632.0381598468,10924.5106765587,11236.7080327652,12524.4137297235,14023.2644927262,15282.3782566634,16118.9632902425,15693.6872834493,15334.6500049775,14902.7634765885,14570.5320909522,14218.8297179534,14308.7511271436
"GDP per capita, PPP (current international $)",NY.GDP.PCAP.PP.CD,Lesotho,LSO,1329.27694240668,1341.95290369943,1411.81686262161,1481.73698838642,1502.34357368041,1588.98558196751,1646.88841458492,1744.53157684739,1858.82186022252,1983.7404819514,2139.92518253163,2181.59696584077,2317.82892840665,2500.0148712682,2665.51414915479,2722.74290532759,2820.26912459188,2883.8110871885,2951.02189397517
"GDP per capita, PPP (current international $)",NY.GDP.PCAP.PP.CD,Liberia,LBR,462.304280649818,533.092248373083,664.776666662298,674.830124467232,694.321016095145,486.215654457056,502.964093623427,532.354094650516,572.716298477727,618.886198751948,648.426740990715,661.168863861907,685.500686062562,734.326273753035,786.12432159374,847.132029756163,847.724592791167,836.181489038688,812.673943814557
"GDP per capita, PPP (current international $)",NY.GDP.PCAP.PP.CD,Libya,LBY,..,16639.658667269,17375.6464817473,17186.1638801294,17010.8135834125,19299.5164570104,20392.4761541712,23189.8272406517,25071.9443419028,26966.4962002544,27843.1256449368,27523.8174566752,29030.8433822135,11192.7906388431,25416.0844278642,22322.3843729899,17246.8262756186,15810.2522281205,15420.168625312
"GDP per capita, PPP (current international $)",NY.GDP.PCAP.PP.CD,Liechtenstein,LIE,..,..,..,..,..,..,..,..,..,..,..,..,..,..,..,..,..,..,..
"GDP per capita, PPP (current international $)",NY.GDP.PCAP.PP.CD,Lithuania,LTU,7756.67242967979,7821.66556102915,8456.32163037205,9459.49224125478,10494.348569957,12066.8248580644,13036.0856795895,14526.1339451116,16486.7014720316,19092.2488606754,20744.0666326456,18142.6529197593,20110.3389687171,22854.33217107,24658.0075328934,26660.5598858607,28174.3635218648,28783.6667748194,29862.3188904098
"GDP per capita, PPP (current international $)",NY.GDP.PCAP.PP.CD,Luxembourg,LUX,44360.2832779266,50627.9277628705,55340.0973218379,55941.3813805317,58771.5092731796,60035.1960470468,64074.5051500861,68220.0644818574,77961.4747875645,83967.260471763,86693.8951220862,82263.4362271089,85696.9959142608,92005.0168361444,91622.1774169388,95590.5386984251,101640.053385305,102517.138229939,102389.437727633
"GDP per capita, PPP (current international $)",NY.GDP.PCAP.PP.CD,"Macao SAR, China",MAC,32597.5233608453,31638.980753306,33469.1316213226,34408.4386992155,37145.4128666047,41266.8243896326,52457.4028460263,57162.535240637,65307.0899421974,75131.9837806833,77584.7052735648,77553.2839737065,96198.2020001041,116752.211556318,126863.217689836,140037.059349877,137742.793722633,106959.876305532,105420.354044043
"GDP per capita, PPP (current international $)",NY.GDP.PCAP.PP.CD,"Macedonia, FYR",MKD,5163.57564259973,5422.79377337366,6126.10328332202,6033.8718506452,6305.3880436593,6502.20033877077,7082.62524786952,7759.72895759218,8585.89981604304,9241.27357697574,10417.668419331,10912.2366886022,11284.8091808515,11611.8519850904,11841.0125859801,12655.5365696102,13370.0205757644,13766.3188262972,14731.3596294155
"GDP per capita, PPP (current international $)",NY.GDP.PCAP.PP.CD,Madagascar,MDG,1070.35923117908,1102.11518339201,1144.57885342718,1203.39706597453,1034.92462500416,1124.37350721657,1180.24260661113,1237.201111813,1300.70412127509,1378.2641896224,1463.09481203637,1375.63842660585,1357.65456267808,1367.54308214295,1396.20388453189,1411.91802911201,1445.34257177866,1466.4974625376,1506.23832528188
"GDP per capita, PPP (current international $)",NY.GDP.PCAP.PP.CD,Malawi,MWI,671.13790048438,680.54816660242,686.382576418882,648.864812919094,652.298792730146,684.854368769049,721.969678682157,748.095876388214,783.901667796931,855.78507265277,910.917398854143,964.314938087745,1012.06745790371,1051.18599619662,1058.91226214534,1099.20059098895,1148.63707526109,1159.31984189185,1168.82562558063
"GDP per capita, PPP (current international $)",NY.GDP.PCAP.PP.CD,Malaysia,MYS,11297.6269336299,11882.843164301,12927.8440493514,13003.0360070249,13626.9554939762,14411.4576541036,15507.3156536282,16540.9016242392,17667.868314221,18931.3156716617,19873.1708931017,19367.8909954897,20680.2968483512,21818.8756940003,23006.9255341614,24033.9712586347,25487.6094347372,26623.3283680558,27682.6079402983
"GDP per capita, PPP (current international $)",NY.GDP.PCAP.PP.CD,Maldives,MDV,7043.24265548052,7446.65215064583,7742.57729314401,7430.67433906191,7892.0217286744,8917.80761284079,9458.80757554529,8257.55360441578,10453.8206310127,11260.664913433,12243.3242619354,11139.5502318462,11762.6497213717,12664.990676931,12843.8977791308,13607.2029909454,14471.549684545,14593.9729012874,15347.9977861679
"GDP per capita, PPP (current international $)",NY.GDP.PCAP.PP.CD,Mali,MLI,1116.84015591453,1166.78028140967,1159.5518729188,1328.88846108192,1349.88354888118,1456.52497848036,1472.481882389,1567.70857356737,1636.44535290427,1681.66257797537,1737.71475229955,1774.06535022079,1834.11705927596,1874.70303010183,1838.19057641438,1856.26736286854,1964.83590709183,2043.71810510616,2125.7160265303
"GDP per capita, PPP (current international $)",NY.GDP.PCAP.PP.CD,Malta,MLT,15855.6856905731,16962.2670338443,19422.7141406567,19637.6142381753,20561.6837743283,20936.1530979537,21408.6876145851,22232.5753682697,23226.9614036602,24889.0550666125,26193.0684468976,26134.9246466309,27836.0614693726,28618.5025877957,29436.164592229,31063.8630783037,33229.4790421405,35787.8769579048,37363.3293251829
"GDP per capita, PPP (current international $)",NY.GDP.PCAP.PP.CD,Marshall Islands,MHL,2146.88461684967,2121.19607022207,2293.73734371237,2470.69746077414,2575.48159106379,2633.42782010893,2711.23221784728,2881.10918450715,3010.95887318898,3200.38770987405,3204.51338717622,3169.834845323,3408.7767621021,3513.29121329955,3693.22538928095,3850.70077539415,3882.41587112819,3903.12790717999,4022.97863241912
"GDP per capita, PPP (current international $)",NY.GDP.PCAP.PP.CD,Mauritania,MRT,2081.04721738054,2206.96223486672,2180.64424440336,2208.805049725,2192.80384340922,2302.99495814896,2431.84142250648,2658.4364354095,3166.19290497721,3249.2203413465,3255.4975989923,3154.62076269458,3249.87692872441,3371.99458202082,3526.34393041303,3689.84489986069,3850.73463016779,3835.23092602118,3852.52573392977
"GDP per capita, PPP (current international $)",NY.GDP.PCAP.PP.CD,Mauritius,MUS,7730.24604434094,7951.72047247894,8780.06269209733,9138.77549541805,9409.61026952928,9876.46912969874,10664.0427733922,11078.0272344501,12335.6354895177,13328.3408551221,14270.1694495699,14815.8079856929,15616.0068425246,16561.7709831855,17408.1887038304,18243.5127781619,19231.4741840186,20087.7153801145,21102.5589231981
"GDP per capita, PPP (current international $)",NY.GDP.PCAP.PP.CD,Mexico,MEX,9797.41881560827,10155.4926620593,10799.0583493032,10878.9011975924,10901.1482604672,10954.5285037075,11506.782541126,12369.7597537078,13437.481243157,13999.9695528223,14551.0452776003,14172.4904394492,14858.5386494515,16049.3642444704,16658.0822391325,16848.0395195075,17481.9163877593,17239.3206577448,17769.664279286
"GDP per capita, PPP (current international $)",NY.GDP.PCAP.PP.CD,"Micronesia, Fed. Sts.",FSM,2229.15520320954,2303.56763163394,2472.29973662665,2579.23138997368,2639.01801481727,2748.33330457593,2741.62951802925,2898.40960529312,2998.00560130114,3034.79557292698,3043.07898317406,3117.74184609378,3230.94985546081,3412.90655368719,3405.47227886479,3320.56347959372,3297.32640838146,3483.45593668339,3508.71519196101
"GDP per capita, PPP (current international $)",NY.GDP.PCAP.PP.CD,Moldova,MDA,1789.11831787024,1758.07167513671,1839.71273635749,2000.88740342637,2195.146220265,2393.41755805265,2647.75664401882,2945.08015055072,3190.12157328993,3381.09861708903,3723.40221332882,3531.03297646538,3831.74918707843,4179.21480881512,4226.95919772373,4700.2344391,5017.30669557854,5054.68247321695,5352.77686746082
"GDP per capita, PPP (current international $)",NY.GDP.PCAP.PP.CD,Monaco,MCO,..,..,..,..,..,..,..,..,..,..,..,..,..,..,..,..,..,..,..
"GDP per capita, PPP (current international $)",NY.GDP.PCAP.PP.CD,Mongolia,MNG,3468.87395449797,3598.66789312456,3689.7034963371,3849.34788991208,4053.41888033067,4377.92327647176,4921.36694624035,5384.32307100545,5950.24915762072,6647.15376208563,7278.37552922151,7131.64349432292,7552.66558598877,8881.48475043728,9969.1402182557,11093.8501127357,11955.1257580721,12152.1713808006,12252.2771963876
"GDP per capita, PPP (current international $)",NY.GDP.PCAP.PP.CD,Montenegro,MNE,..,..,6001.70918721415,6778.75947348377,7100.27679325459,7332.22509876061,7837.92231632756,8313.69221430203,10449.2621094256,12445.2117301265,13816.5477457829,13022.4702036532,13648.2327477192,14472.4735391199,13863.8541990124,14870.146016829,15371.1413430715,16272.1956451856,17633.146362673
"GDP per capita, PPP (current international $)",NY.GDP.PCAP.PP.CD,Morocco,MAR,3404.73100952577,3451.40701759606,3553.99424705968,3854.18425865923,3987.26646627604,4257.96349330196,4530.82369011594,4773.98407063372,5232.0091180627,5496.64313180117,5866.56421559029,6086.34016351293,6312.91542734005,6688.40260633548,6916.43502419801,7239.87310626714,7457.1810971537,7770.24599129646,7857.4877165031
"GDP per capita, PPP (current international $)",NY.GDP.PCAP.PP.CD,Mozambique,MOZ,412.260820691023,439.814169681933,445.150263722863,498.826564589505,535.164447460998,564.308239287798,606.771379721317,661.048722550206,726.789752556411,778.387354660734,823.786448125489,857.350002813192,899.198728120615,954.799116244546,1012.43718654388,1070.66356816108,1137.53029081011,1190.75574676927,1215.7876396975
"GDP per capita, PPP (current international $)",NY.GDP.PCAP.PP.CD,Myanmar,MMR,810.179305527608,900.996675914937,1035.52411754486,1165.80125479096,1311.63469033593,1507.49359641612,1742.63225800332,2025.54017818712,2343.1836219114,2676.19065586887,2989.78489460075,3308.84636555592,3645.93643504092,3898.41462716496,4225.11935241423,4613.33978179131,5024.92436256635,5384.86938870142,5721.22800362596
"GDP per capita, PPP (current international $)",NY.GDP.PCAP.PP.CD,Namibia,NAM,4570.21939736724,4673.93998464048,4839.87523976012,4919.53536257859,5158.08961627414,5416.67292606817,6177.91940159418,6464.09334391884,7052.26789429724,7629.28589262665,7884.76288872048,7853.81899797779,8289.69602705332,8721.25552382066,9132.34291353289,9578.38348883733,10131.3563302452,10622.1564329375,10596.4173811197
"GDP per capita, PPP (current international $)",NY.GDP.PCAP.PP.CD,Nauru,NRU,..,..,..,..,..,..,..,..,..,3753.64605291657,5173.04605524631,5664.84319702158,6459.08087785322,7339.30436698258,8050.70455948722,10429.8054951007,13232.7374473892,13066.2036179405,13966.4977802226
"GDP per capita, PPP (current international $)",NY.GDP.PCAP.PP.CD,Nepal,NPL,1100.92474373794,1144.57587416905,1220.42487213358,1285.36334107963,1285.14636571958,1341.49888823809,1422.47350795903,1499.72246101598,1579.30924120209,1659.11378533983,1777.23356569811,1853.33835548923,1945.80668141075,2031.08746466776,2142.09849471677,2239.40328467858,2387.29052563628,2464.38903347795,2477.90334509701
"GDP per capita, PPP (current international $)",NY.GDP.PCAP.PP.CD,Netherlands,NLD,27336.2223832498,28946.0971824111,31591.9286062892,32864.2342301444,33991.059285162,33701.1129699522,35428.3943126446,37265.3450881778,40602.6533952165,43471.6379732371,45843.89223408,44037.3641144161,44542.8365494046,46066.6524059576,46707.2697077937,48666.3178519249,48606.2536078682,49527.6696637249,50538.6065695989
"GDP per capita, PPP (current international $)",NY.GDP.PCAP.PP.CD,New Caledonia,NCL,..,..,..,..,..,..,..,..,..,..,..,..,..,..,..,..,..,..,..
"GDP per capita, PPP (current international $)",NY.GDP.PCAP.PP.CD,New Zealand,NZL,19330.2739627125,20579.365916514,21509.4119088428,22517.2340379938,23306.2795376277,23963.7231710572,25085.5014963861,25677.1038981495,27766.992131688,29387.027972922,29860.3702545675,30700.9563507073,31265.7384522235,32734.5366666969,32986.0312092787,36219.5796940917,37283.1004115687,37864.999542975,39465.1153093061
"GDP per capita, PPP (current international $)",NY.GDP.PCAP.PP.CD,Nicaragua,NIC,2443.96372331172,2613.00661595339,2739.38879446792,2842.94882283874,2868.43650146937,2959.81013625864,3161.23638944758,3358.64501396342,3546.81345349437,3776.23335774797,3931.05430059704,3781.76748043469,3947.21676586778,4231.49751775883,4535.28473992404,4779.77333286712,5040.53462973065,5278.44923961627,5533.07423980306
"GDP per capita, PPP (current international $)",NY.GDP.PCAP.PP.CD,Niger,NER,630.920438979335,614.168000829916,597.189700390751,630.907470818101,636.343233127104,659.08553848747,653.607382916932,679.556218165982,714.126152951008,728.553301783375,784.120484391905,755.40672063916,797.769958469163,801.604231148649,878.760843000391,904.55620238427,952.79143184509,967.084619403915,989.089743874414
"GDP per capita, PPP (current international $)",NY.GDP.PCAP.PP.CD,Nigeria,NGA,2159.82587630496,2148.968473122,2257.52522085715,2351.03516082672,2415.79190567964,2650.97624127992,3550.74473262439,3694.48577376715,4014.48935043843,4288.3953127742,4525.21218238773,4747.71493322792,5045.9781670335,5259.29550424022,5437.80711669289,5670.10257460671,5975.01031916511,6038.46231538939,5861.08965603116
"GDP per capita, PPP (current international $)",NY.GDP.PCAP.PP.CD,Northern Mariana Islands,MNP,..,..,..,..,..,..,..,..,..,..,..,..,..,..,..,..,..,..,..
"GDP per capita, PPP (current international $)",NY.GDP.PCAP.PP.CD,Norway,NOR,28163.2711397184,30555.3387515941,36950.4946583832,37818.303134743,37959.7948060455,38530.4516443031,42501.6247770475,47772.4300752991,54086.7768436562,55887.1169530121,61757.2455676868,55427.5768660986,58022.0334869801,62145.0261549128,65447.4958248933,67056.1170397877,66015.4402996855,61722.239910673,58808.3907633282
"GDP per capita, PPP (current international $)",NY.GDP.PCAP.PP.CD,Oman,OMN,32107.908568543,32514.6391643509,34848.6796194007,36805.6668570818,36334.0080419403,35298.6875431666,35843.8805483008,36914.2263787826,38979.0674911315,40546.049644229,43170.7634101841,44173.2962075196,44418.7703831953,42121.4319219198,43822.8158413436,43386.6455947471,42522.4173066299,42459.7505755851,43012.8491996942
"GDP per capita, PPP (current international $)",NY.GDP.PCAP.PP.CD,Pakistan,PAK,2585.3833600475,2657.67760948784,2770.16649862845,2826.65387723869,2900.06823153118,3037.22283658487,3282.31589150094,3573.52510180249,3831.57782283498,4040.34594224701,4104.90738166892,4166.50804144143,4196.95580923862,4309.76371307112,4447.90271044174,4619.74453924608,4820.78328993303,5000.28383883723,5238.2135285593
"GDP per capita, PPP (current international $)",NY.GDP.PCAP.PP.CD,Palau,PLW,..,..,9821.54319635207,10480.9375983262,10861.3974312013,10732.5959181412,11599.2948843902,12636.809418211,12610.4034955643,12941.4309731213,12280.5361225056,11646.1827988846,11606.9339863225,12518.7130312209,13153.2507040062,13061.089983725,13541.4759877071,14938.6431876208,14986.7696839022
"GDP per capita, PPP (current international $)",NY.GDP.PCAP.PP.CD,Panama,PAN,7905.90642532026,8176.05368564849,8421.50994386201,8496.52262505277,8652.41077206009,9024.40461364494,9785.95795717983,10629.1522866201,11688.0278194225,13196.2241691839,14518.60511957,14549.5359883776,15312.4472521015,17093.8399788617,18781.0506966321,20053.575949932,21087.7678045705,22134.9748026155,23157.2224037205
"GDP per capita, PPP (current international $)",NY.GDP.PCAP.PP.CD,Papua New Guinea,PNG,2221.73564358554,2238.65461146251,2175.685452637,2166.60495830462,2141.60778857433,2176.48442588208,2240.9663379145,2400.15783523513,2469.8158437809,2749.93239693227,2730.0234363873,2870.18908251628,3127.01911475461,3155.4035683482,3289.82285547345,3396.91695398598,3907.29715745877,4072.81879282583,4117.28565471062
"GDP per capita, PPP (current international $)",NY.GDP.PCAP.PP.CD,Paraguay,PRY,5022.59356682284,4925.62771895087,4822.97878912012,4797.71931097841,4780.15795410709,4996.03858607015,5251.99009911239,5448.98023099041,5799.01883296539,6188.42445349542,6621.21916173953,6322.53506116603,7142.05703875154,7504.65364401771,7447.10818397172,8514.08188049648,8955.87104766316,9199.66938423151,9567.3391281814
"GDP per capita, PPP (current international $)",NY.GDP.PCAP.PP.CD,Peru,PER,4942.92965945452,5021.54936231021,5202.23309486409,5283.02904463566,5584.34315292244,5858.86294567105,6240.73154355655,6762.77265628936,7404.29523832204,8148.92185049883,8956.51528727598,9010.32550520028,9755.14914796834,10449.0932552031,11145.5118964033,11828.80683802,12164.9572973519,12533.491183759,13030.0139047179
"GDP per capita, PPP (current international $)",NY.GDP.PCAP.PP.CD,Philippines,PHL,3128.03652707859,3203.35947689125,3348.15245051406,3449.5278255533,3554.9117392554,3729.01135119279,4008.67864159677,4255.15986054612,4535.14092022542,4881.39653324425,5100.53575573428,5115.48177692361,5483.62094378124,5707.20484248535,6099.12124785649,6526.65018229294,6937.85011807331,7320.49853854593,7800.65101042363
"GDP per capita, PPP (current international $)",NY.GDP.PCAP.PP.CD,Poland,POL,9463.70954173548,10022.3953632385,10651.2114515512,11111.2177373372,11781.0563524395,12256.303565813,13345.8796193398,13895.9235416906,15144.1470017461,16785.0668016617,18310.4432086685,19242.9888415432,21068.8512314571,22850.6388460286,23833.2097049187,24719.2475053521,25602.4174409935,26594.7578582656,27383.2549370049
"GDP per capita, PPP (current international $)",NY.GDP.PCAP.PP.CD,Portugal,PRT,16677.9212265415,17723.4633156481,18883.9114612163,19556.8897102145,20367.6644076272,20839.4475697643,21483.319298771,22739.5896603865,24658.555465842,25701.5024290991,26631.5639632704,26464.3754678301,27334.811603201,26780.2149060404,26454.1026011519,27899.5094652197,28746.6530781988,29532.3811616848,30658.6319953306
"GDP per capita, PPP (current international $)",NY.GDP.PCAP.PP.CD,Puerto Rico,PRI,21914.4881498437,23331.9311865818,24575.5780509017,26665.397982158,27287.6674303551,27829.2428152027,31089.7447071419,31497.8392111164,32143.7364195091,32807.1926242606,33027.0154354391,32806.5497659786,33237.8169128654,34195.6408473957,35259.8060075141,36130.9936705322,36939.9966059825,37581.0300432539,37793.9235037866
"GDP per capita, PPP (current international $)",NY.GDP.PCAP.PP.CD,Qatar,QAT,..,..,85860.611439631,87599.2964109334,91083.7915244325,90348.9937227307,100426.546128583,97767.1903443648,108831.252401081,111959.861509228,115012.450334212,113312.852224035,122609.410776499,129349.916351584,127610.208824437,126913.035408131,127318.900952879,127516.908588418,127480.482510991
"GDP per capita, PPP (current international $)",NY.GDP.PCAP.PP.CD,Romania,ROU,5577.1798498753,5632.31814579516,5877.07572419681,6578.85816501836,7179.1424035491,7820.31372318537,9134.35814994694,9723.54828513807,11689.1018091306,13790.2758870763,16726.732376278,16489.7815559074,17027.1417745265,17997.8841310604,18983.2731014497,19859.447265707,20609.5835304305,21566.0730483419,23050.0103276182
"GDP per capita, PPP (current international $)",NY.GDP.PCAP.PP.CD,Russian Federation,RUS,5460.3549781139,5914.30041088544,6825.41139116801,7367.60906109729,8029.12265176949,9253.57742940525,10231.426449768,11822.3709000841,14916.185263567,16648.5868641678,20163.5876480167,19386.584396792,20497.934076089,24310.0439655517,25784.5671588469,26240.2745047909,25797.4985295037,24737.6894390573,24818.9051890129
"GDP per capita, PPP (current international $)",NY.GDP.PCAP.PP.CD,Rwanda,RWA,608.601813539887,599.339100811029,628.493811547351,671.930151679426,753.53880787264,772.448019972548,839.445132123552,929.445744933881,1021.97752506734,1100.47656276681,1213.79672297029,1264.36207948421,1337.55863694097,1436.86893683665,1549.65559033948,1606.89323921374,1716.970020698,1843.32659112027,1930.70021243911
"GDP per capita, PPP (current international $)",NY.GDP.PCAP.PP.CD,Samoa,WSM,3050.69917671713,3150.97715867296,3428.77656408677,3729.86543910608,3928.89946832979,4162.73036214971,4447.00478128625,4750.37675072517,4960.60136277176,5379.20068313487,5502.63367503458,5240.70927736835,5290.66066310442,5667.49053435576,5748.26364086339,5681.20542032491,5805.6829237069,5919.35982118632,6378.2565669184
"GDP per capita, PPP (current international $)",NY.GDP.PCAP.PP.CD,San Marino,SMR,53049.9306391124,58063.6702902252,59984.9367353361,63955.4995267234,64327.2387931302,67263.560460859,71351.9210098338,74436.8509377393,78675.571239044,85480.6387923673,87503.9594530021,75930.5218589072,72368.2036282707,66053.1105030725,61392.9793042387,59764.1062937328,59646.3778590354,60028.9243456052,60932.9300372192
"GDP per capita, PPP (current international $)",NY.GDP.PCAP.PP.CD,Sao Tome and Principe,STP,..,..,..,1635.63554878706,1661.88142813181,1764.03614689617,1837.45726163142,1983.33949986238,2178.84898763933,2256.18521263054,2431.92208891285,2452.53959896867,2588.07974323712,2695.62954237131,2768.23351474364,2882.86723855064,3057.81501972594,3138.69963043137,3239.41403435822
"GDP per capita, PPP (current international $)",NY.GDP.PCAP.PP.CD,Saudi Arabia,SAU,33777.6908084438,32334.0598214052,34139.6578630859,33621.6979259852,32262.6605528233,35550.2771916046,38293.2354271164,40547.1344672217,41782.5440859589,42520.3550187159,44841.9293177201,43055.8106902782,44502.4193074312,48524.6324875473,50573.3906479994,51264.8661487972,52628.2520552726,54013.8780426308,54378.6981240742
"GDP per capita, PPP (current international $)",NY.GDP.PCAP.PP.CD,Senegal,SEN,1394.48639447962,1470.34489681911,1514.34448826079,1579.77777566569,1573.78996812418,1668.45812059608,1767.77485432885,1876.66244483877,1929.54175992387,2023.2579313318,2081.00767270268,2088.25174710868,2139.81582613702,2158.18118164724,2227.468054559,2272.53289419044,2337.11264215362,2442.6430727681,2566.11917856156
"GDP per capita, PPP (current international $)",NY.GDP.PCAP.PP.CD,Serbia,SRB,5784.345120732,5178.22173838473,5725.24945433975,6142.88356752815,6800.89225377841,7197.35048327936,8067.34310288734,8707.03936494938,9611.43406926693,10474.3895940291,11921.8129614292,11827.6081268123,12087.1010470258,12967.918642956,13107.9827379391,13760.0520833922,13771.3842844686,13896.1213879743,14514.9605530466
"GDP per capita, PPP (current international $)",NY.GDP.PCAP.PP.CD,Seychelles,SYC,14015.1158735661,14214.0199272779,14626.4603708639,14607.2386856143,14559.3487739301,14134.4839172426,14161.5154039608,15859.9194624154,17516.5484654906,19755.6671853348,19274.84812334,19131.3317358706,19953.1605009972,22556.5825709346,23034.647818258,24361.1882059716,25515.5365143693,26468.8668313773,27641.4389001815
"GDP per capita, PPP (current international $)",NY.GDP.PCAP.PP.CD,Sierra Leone,SLE,698.685076817855,682.150477628924,723.465747180351,667.431347314045,819.014915783281,870.584912336363,911.447683918872,945.160682032381,982.309027149904,1059.51124301397,1110.91866201553,1128.52043483558,1175.71570098363,1246.25278946773,1428.53549706227,1712.8326948593,1782.57113857961,1399.52336178967,1470.85864755399
"GDP per capita, PPP (current international $)",NY.GDP.PCAP.PP.CD,Singapore,SGP,35036.9093611337,37440.9318625141,40983.9929015446,40413.8561368529,42374.0014818254,45806.339936081,50918.8224805922,55180.9009991174,60007.9736730885,64475.3619797735,63447.4817368756,61655.7504266015,70657.0349507861,75113.2045300368,77690.7893941633,81647.5859674538,85227.0673306694,87043.1877067208,89103.1588332631
"GDP per capita, PPP (current international $)",NY.GDP.PCAP.PP.CD,Sint Maarten (Dutch part),SXM,..,..,..,..,..,..,..,..,..,..,..,..,..,36327.2318988918,..,..,..,..,..
"GDP per capita, PPP (current international $)",NY.GDP.PCAP.PP.CD,Slovak Republic,SVK,10604.5356907936,10700.7066033767,11354.8333751017,12381.6576183599,13294.4945941052,14138.7794453013,15193.6183750637,16616.1345443472,18867.0916018413,21161.4862289664,23691.6438756506,23055.0759842583,24986.6128088286,25835.0047572051,26647.4219627674,27897.5985749197,28927.6687644359,29522.0447700489,30460.3840810744
"GDP per capita, PPP (current international $)",NY.GDP.PCAP.PP.CD,Slovenia,SVN,16027.6195858191,17067.1629112275,18047.4962580426,18971.0688910581,20305.0222228046,21132.1781579518,22785.0200772694,23945.2553423533,25766.5389510858,27600.869094567,29624.1901825066,27471.0479908709,27766.4203840775,28804.7015194266,28900.8780286843,29796.8119898561,30854.0994056602,31468.3631714967,32723.0719537641
"GDP per capita, PPP (current international $)",NY.GDP.PCAP.PP.CD,Solomon Islands,SLB,1716.75295830316,1687.547401632,1439.99573200017,1319.34901363833,1267.96353675612,1341.83453715089,1409.80417739648,1496.31026896379,1609.89042324341,1732.27074674769,1848.29932060921,1734.39923573279,1833.51411604998,2071.8920905768,2158.50965947693,2211.51717349048,2253.90013028019,2288.62969773636,2350.19284335436
"GDP per capita, PPP (current international $)",NY.GDP.PCAP.PP.CD,Somalia,SOM,..,..,..,..,..,..,..,..,..,..,..,..,..,..,..,..,..,..,..
"GDP per capita, PPP (current international $)",NY.GDP.PCAP.PP.CD,South Africa,ZAF,7038.46985886266,7203.22510437463,7560.85811673492,7832.22655547699,8131.73835619156,8426.92361411243,8940.67198674618,9601.27530572265,10335.6373647153,11062.3744840113,11518.1044905899,11301.8198486769,11647.3310386455,12118.7378564659,12440.2630952672,12769.9951543283,13051.8283375861,13180.5292406735,13250.5883248063
"GDP per capita, PPP (current international $)",NY.GDP.PCAP.PP.CD,South Sudan,SSD,..,..,..,..,..,..,..,..,..,..,..,..,..,3373.9613892905,1578.82604254378,2008.0875191605,2039.33393862906,1997.02555049947,1693.04606202392
"GDP per capita, PPP (current international $)",NY.GDP.PCAP.PP.CD,Spain,ESP,19013.764265183,19907.1614549856,21530.4746784509,22929.8621956078,24363.014919004,25054.2607762802,26189.4555154529,27702.4643073663,30819.2423963848,32591.4099634342,33463.6540993469,32385.2063180105,31954.2427536427,32068.2709273108,31988.2538693179,32603.9057713971,33709.6492402637,34818.1205072534,36305.2221318722
"GDP per capita, PPP (current international $)",NY.GDP.PCAP.PP.CD,Sri Lanka,LKA,3869.73484159854,4076.32099384641,4392.67549534769,4392.68326922412,4601.36532757639,4931.53670291786,5299.68395389194,5766.39524783351,6351.95736020895,6914.78617474468,7419.35903279926,7690.42692481474,8357.02990733741,9193.35950890696,10163.860113294,10595.7157315885,11219.5533198747,11798.3899455853,12343.3608678142
"GDP per capita, PPP (current international $)",NY.GDP.PCAP.PP.CD,St. Kitts and Nevis,KNA,13775.8280801652,14297.0177166811,15989.9105882312,17016.8463107702,17476.8362731602,16939.3939597845,17782.946412499,19702.2897942405,20423.9071414579,20689.5314917916,22178.1062508153,21435.7187547979,20979.0619772943,21689.3038856002,21711.9462430827,23180.1055466196,24737.9584329962,25737.6244361526,26382.787649901
"GDP per capita, PPP (current international $)",NY.GDP.PCAP.PP.CD,St. Lucia,LCA,8315.82398326823,8561.5348111656,8660.70192416112,8482.45598350449,8571.66087277486,9052.20669185263,9896.78936299904,10087.2473576364,10931.0544932718,11205.1222509613,11933.1103149337,12037.4314779796,11878.5865779184,12112.4001267958,12287.004916327,12848.6437305771,12994.7548660556,13334.2754015362,13665.3180539293
"GDP per capita, PPP (current international $)",NY.GDP.PCAP.PP.CD,St. Martin (French part),MAF,..,..,..,..,..,..,..,..,..,..,..,..,..,..,..,..,..,..,..
"GDP per capita, PPP (current international $)",NY.GDP.PCAP.PP.CD,St. Vincent and the Grenadines,VCT,5522.66638301718,5761.42920494983,5988.01912997914,6223.98135536786,6709.31397876532,7355.4468268346,7856.66565865026,8297.08919255063,9195.72258830138,9279.21545539816,10081.1107964033,9936.44457673654,9714.99907953801,9871.64857733634,10193.5041719785,10548.6924504357,10840.0205665789,11147.2807761966,11413.2943920545
"GDP per capita, PPP (current international $)",NY.GDP.PCAP.PP.CD,Sudan,SDN,1683.48840307189,1713.75984836634,1812.47080532025,1919.53398723101,2016.6673890312,2154.73532807886,2237.18841066523,2415.53711517816,2668.22375227545,2975.82959012556,3187.31097610988,3231.23649545953,3298.00474917495,3631.66345577089,4172.538735428,4322.99132012595,4412.1619002351,4568.66485825461,4730.46187073223
"GDP per capita, PPP (current international $)",NY.GDP.PCAP.PP.CD,Suriname,SUR,7674.19392137994,7633.74237493173,7713.11421365365,8155.70907085723,8542.14662042231,9136.10034300486,10146.133554402,10834.5922071629,11473.2528351789,12249.5395294179,12869.898246519,13218.06309781,13924.390720947,14887.9368149101,15410.9964927827,15956.9489964571,16124.6911212638,15724.6393919787,14966.7137949048
"GDP per capita, PPP (current international $)",NY.GDP.PCAP.PP.CD,Swaziland,SWZ,4401.57803164879,4514.48030004083,4628.36937373893,4732.68491054411,4978.67991784308,5243.64571061959,5544.02244608538,6006.33615601192,6476.09483189895,6834.03463271294,6901.29750504162,6932.2661004685,7148.9127033737,7323.99766548019,7667.52681308497,8139.6910924121,8291.6000737998,8261.74606049962,8329.56058149203
"GDP per capita, PPP (current international $)",NY.GDP.PCAP.PP.CD,Sweden,SWE,25483.4096946712,27148.3768848487,29275.8380224419,29658.6483448446,30587.762515156,31470.6074490243,33540.0195135539,33967.1875268405,37423.1569478633,40572.7570622269,41853.6961806504,39645.6559987288,41627.9737254356,43755.0604392612,44724.9743448022,45673.1706323125,46524.1809069936,47891.2778399445,48904.5543707155
"GDP per capita, PPP (current international $)",NY.GDP.PCAP.PP.CD,Switzerland,CHE,32891.7225064298,33814.0792910998,35748.876969071,36808.6393845166,37718.3041278531,37710.7989048388,39184.0188439473,40572.2631753381,45112.2786663039,49737.7609931816,52584.7349460344,51759.7527446929,53119.3865285819,56183.8325850081,57849.5839884654,60108.5163468318,61902.1624060426,63648.2880177144,63881.6746185979
"GDP per capita, PPP (current international $)",NY.GDP.PCAP.PP.CD,Syrian Arab Republic,SYR,..,..,..,..,..,..,..,..,..,..,..,..,..,..,..,..,..,..,..
"GDP per capita, PPP (current international $)",NY.GDP.PCAP.PP.CD,Tajikistan,TJK,827.81930561367,858.302089339079,935.197554267592,1035.5949576538,1143.26891096253,1268.90912178705,1408.96449633553,1519.74066174057,1641.03465054182,1777.56357907191,1913.51971334427,1957.63974874965,2063.73041090242,2211.75382192544,2367.18536580277,2525.68552769168,2682.58697340437,2811.86988951746,2979.31023901638
"GDP per capita, PPP (current international $)",NY.GDP.PCAP.PP.CD,Tanzania,TZA,1082.4782596507,1123.24984856951,1174.30121144481,1239.14261465942,1311.45852749043,1389.64197747664,1495.39434599123,1620.58357269204,1695.6330336948,1830.15843494686,1908.73737951768,1963.5915052646,2048.29359256743,2186.13158170674,2268.86646543773,2397.2129992516,2530.46901452408,2652.53021864932,2786.20627438656
"GDP per capita, PPP (current international $)",NY.GDP.PCAP.PP.CD,Thailand,THA,6563.17755729335,6888.96086913354,7283.51129029312,7635.09300292334,8160.93273591999,8855.4946751805,9604.71047825025,10262.1089368069,11035.6145882521,11878.0391488687,12255.2120165349,12201.3624379538,13213.747749553,13535.1332681194,14714.4502245145,15286.5194143621,15651.1806319028,16241.5555522064,16937.9268850076
"GDP per capita, PPP (current international $)",NY.GDP.PCAP.PP.CD,Timor-Leste,TLS,..,..,2622.02334775062,2859.94770120873,2612.84120651046,2531.94768885793,4114.88191165317,5603.72972658144,8010.21245257705,8516.47625597443,9435.90264885074,8817.78592146468,8681.60715914168,9717.15140436382,10160.8620306262,8974.89256061399,6597.59888541353,7878.75938496701,7869.45147441981
"GDP per capita, PPP (current international $)",NY.GDP.PCAP.PP.CD,Togo,TGO,1018.33946284905,1027.37590585963,1012.1789148409,990.232695878412,969.662025692324,1011.05623492136,1033.42353489511,1051.03367989258,1097.38781282763,1121.73130389186,1137.99225689776,1155.2601866339,1183.83933770636,1233.834912194,1282.5320637792,1319.65906571733,1385.63281991077,1438.68932628568,1497.42364345341
"GDP per capita, PPP (current international $)",NY.GDP.PCAP.PP.CD,Tonga,TON,3302.97114815326,3467.41310910599,3647.46875347969,3844.22533001576,4013.3653988568,4154.36602687255,4227.46021403573,4404.66573428276,4474.4185048664,4373.41384659631,4568.4950130998,4681.40743918381,4883.37022651885,5101.45600452365,5223.00441988687,5123.33097000737,5300.52322773414,5526.47869643388,5745.19122926423
"GDP per capita, PPP (current international $)",NY.GDP.PCAP.PP.CD,Trinidad and Tobago,TTO,12164.1755161246,13317.8630472209,14524.0912057473,15420.8555877602,16828.1093715723,19547.2767458703,21572.5135152077,23532.4893135837,27328.2928666277,29252.1188021202,30693.8690027463,29429.3474699746,30628.5417613585,31012.7164187128,31830.5180330314,32500.4938339477,32848.1961377361,33569.4135224991,31858.3554315218
"GDP per capita, PPP (current international $)",NY.GDP.PCAP.PP.CD,Tunisia,TUN,5315.52371689723,5661.44036739868,6003.31200839351,6316.87368715478,6446.87416989672,6832.44028066185,7400.07207454986,7838.07403053947,8424.45480364506,9137.58344833951,9609.70756075463,9868.80143331069,10225.2522337184,10120.6771726065,10595.8752504156,10947.9965702471,11342.42396896,11464.2094684259,11605.7551761891
"GDP per capita, PPP (current international $)",NY.GDP.PCAP.PP.CD,Turkey,TUR,9088.59873535891,8757.20334550819,9582.26041727283,9222.91152524807,9330.14445968639,9603.73920563784,10864.4485612383,11887.874986014,13621.9372111568,14843.4718837591,16048.9201886918,15483.236773523,17442.8599464888,19660.8894895655,20639.8586676224,22310.5364019299,24029.7434778631,24844.8955515439,25247.2017504961
"GDP per capita, PPP (current international $)",NY.GDP.PCAP.PP.CD,Turkmenistan,TKM,3390.12501536215,3962.65910594059,4227.15842552401,4463.90248698422,4498.8200692949,4691.96798058627,5010.7618036457,5783.42649175597,6538.59502510291,7363.08240853082,8496.63069297048,8952.45351849578,9741.30529127428,11212.5385130967,12460.7504047201,13697.5549163382,15098.2958617844,15964.7918355795,16875.9877435703
"GDP per capita, PPP (current international $)",NY.GDP.PCAP.PP.CD,Turks and Caicos Islands,TCA,..,..,..,..,..,..,..,..,..,..,..,..,..,..,..,..,..,..,..
"GDP per capita, PPP (current international $)",NY.GDP.PCAP.PP.CD,Tuvalu,TUV,2412.30458548663,2400.85828590559,2412.29697861061,2483.33531616239,2685.57686358788,2612.03391854219,2613.58261848056,2561.28327351518,2667.18013364492,2881.91611716077,3143.26576670142,2997.46345269527,2926.03807020878,3181.60172302733,3087.74810817523,3252.70432405357,3328.33086647576,3640.98819885017,3766.48378057387
"GDP per capita, PPP (current international $)",NY.GDP.PCAP.PP.CD,Uganda,UGA,766.415870906699,814.759844918696,832.084436957035,865.787282031934,923.764995474922,969.009943265824,1027.03230110946,1088.68570371678,1200.80091954123,1291.03439158046,1382.48700032292,1437.43096900055,1485.20251251361,1602.54481121908,1638.06808856263,1666.97679439316,1724.77202876699,1774.0108189898,1819.43435088296
"GDP per capita, PPP (current international $)",NY.GDP.PCAP.PP.CD,Ukraine,UKR,3397.92094358933,3475.63827399652,3802.54024262986,4289.92123052578,4628.03729312102,5206.10663175912,6042.184783862,6452.09619499112,7184.20328657944,8005.69175999108,8395.81254471333,7239.62422604547,7666.2195766859,8281.86712612352,8475.47174617216,8629.67699354523,8684.00960862731,7949.14900233477,8269.61463354542
"GDP per capita, PPP (current international $)",NY.GDP.PCAP.PP.CD,United Arab Emirates,ARE,76345.0408215982,75758.5673469164,81351.36413921,80029.0284384246,78934.6355195564,82099.8058045712,84604.3423041722,81736.4769237892,80841.0495149973,74271.6814492489,68508.7068152864,58822.146137623,56074.8806872444,58363.6782159597,60513.6197100592,63839.3355752011,67360.3474463876,70887.3907270642,73017.480009563
"GDP per capita, PPP (current international $)",NY.GDP.PCAP.PP.CD,United Kingdom,GBR,23450.8042538413,24171.2406954586,26245.8562106606,27462.6125127044,28806.8888382655,30043.997226292,31732.9522962166,32436.8795877613,34500.7081277846,35289.3980051373,36257.5124453907,34589.5665993615,35875.456276784,36607.9810897257,37705.5942229818,39308.1345662744,40707.2009944903,41579.8634115553,42656.2166021995
"GDP per capita, PPP (current international $)",NY.GDP.PCAP.PP.CD,United States,USA,32949.1977640346,34620.9288990826,36449.8551155349,37273.6181034176,38166.0378407812,39677.1983481058,41921.8097617892,44307.9205848603,46437.0671173065,48061.5376613353,48401.4273403899,47001.5553496818,48375.4069462972,49793.7135249201,51450.9591148182,52782.086508871,54696.7261652327,56443.8172422582,57588.538070583
"GDP per capita, PPP (current international $)",NY.GDP.PCAP.PP.CD,Uruguay,URY,10309.3797897953,10210.8808968774,10204.9052386988,10018.5644900854,9383.94447389815,9654.33669435661,10421.0357289483,11553.5155128923,12376.3365991816,13501.602807691,14705.5517454897,15391.1969913054,16736.851035164,17904.7458255325,18817.7419612213,19942.5040528324,20887.1617724618,21117.8016023193,21669.97739916
"GDP per capita, PPP (current international $)",NY.GDP.PCAP.PP.CD,Uzbekistan,UZB,1809.19873876732,1895.33093583454,1984.4701197699,2088.33565761099,2178.38639798776,2288.35670262007,2503.27937546086,2732.71695110167,2985.63605679664,3321.5667619168,3632.74012083063,3890.61017413034,4153.93884603207,4469.99748445762,4853.64970600306,5244.04937972153,5657.88804277716,6069.97866590926,6512.68213066737
"GDP per capita, PPP (current international $)",NY.GDP.PCAP.PP.CD,Vanuatu,VUT,2107.03513768775,2107.77264124942,2237.52451000507,2159.35880143017,2030.39454959543,2105.43081010807,2192.45813315991,2323.51457536245,2533.92305000768,2669.77920819878,2828.41592722899,2874.84150941218,2888.39827319918,2915.29988538,2952.56851629386,2990.96474026708,3046.91004800777,2988.85053762441,3080.56575433637
"GDP per capita, PPP (current international $)",NY.GDP.PCAP.PP.CD,"Venezuela, RB",VEN,11724.1114664624,10978.9161305288,11424.2044872596,11858.3338883985,10775.3483988763,9957.68583743424,11891.6246677556,13309.6976356116,14821.1480014121,16276.9256267862,17192.9154506647,16507.3413516962,16210.2899564076,16981.3354907118,18004.4653243772,18281.1929699666,17639.8858445013,..,..
"GDP per capita, PPP (current international $)",NY.GDP.PCAP.PP.CD,Vietnam,VNM,1788.77657125006,1880.35279577605,2030.79728784817,2182.48346818691,2332.58123732693,2518.91314406812,2757.24085021233,3032.39101911796,3312.77820777284,3609.69018391827,3852.18261534963,4050.88709522515,4318.99740521312,4632.76596523658,4909.94506068636,5199.63143103574,5546.18362295482,5915.1708326498,6295.59058534397
"GDP per capita, PPP (current international $)",NY.GDP.PCAP.PP.CD,Virgin Islands (U.S.),VIR,..,..,..,..,..,..,..,..,..,..,..,..,..,..,..,..,..,..,..
"GDP per capita, PPP (current international $)",NY.GDP.PCAP.PP.CD,West Bank and Gaza,PSE,3178.09071208205,3710.12443456731,3331.35614713822,3106.93162374119,3031.45181603508,3303.08209362912,3592.666868183,4010.14776054238,3844.38974698543,3780.6911750607,3470.01798430889,4045.12800028245,4088.33676543012,4356.34182492654,4931.00218360495,4655.14935927811,4550.36642558358,5019.23811469627,5109.71266336244
"GDP per capita, PPP (current international $)",NY.GDP.PCAP.PP.CD,"Yemen, Rep.",YEM,2853.5332528065,2923.21473857777,3086.3547583434,3184.92313525369,3267.0868567446,3360.66836141909,3490.71618097369,3699.91517313376,3827.0951343638,3949.78391775155,4061.24103478688,4135.86517959412,4388.14475721224,3805.23791665455,3863.28872232734,4007.8219400784,3968.10555258318,2458.38501190642,1595.18606506288
"GDP per capita, PPP (current international $)",NY.GDP.PCAP.PP.CD,Zambia,ZMB,1562.57007697022,1613.31925623518,1666.884355547,1746.9295329594,1804.28449080964,1916.10574114258,2051.60743309287,2210.47226823364,2392.69003888058,2589.89715558597,2768.42344927823,2961.9905599486,3212.94188088675,3361.11206867093,3574.05851956206,3701.39267367524,3826.62689937761,3862.4784831131,3938.66318847391
"GDP per capita, PPP (current international $)",NY.GDP.PCAP.PP.CD,Zimbabwe,ZWE,2107.74817386838,2092.37162681728,2047.74853985648,2099.84109668113,1921.57079272583,1609.62992627355,1540.33046636136,1480.26469084923,1452.25228514703,1414.27406253876,1167.21396625993,1293.38613040497,1445.04238595122,1667.13794278369,1905.83787169714,1997.05219854097,2028.01924751714,2036.31925562891,2027.08491546614
"GDP per capita, PPP (current international $)",NY.GDP.PCAP.PP.CD,Arab World,ARB,8707.03267534617,8862.83785565922,9328.02644545132,9508.9391326184,9507.91389800732,9912.46491978683,10878.757176351,11594.6110187379,12391.3601888952,12981.3987665083,13672.6887107922,13575.9816626349,14064.0104925321,14444.8779242408,15333.6618720216,15703.1934698792,16011.2529287417,16337.966492506,16716.546903274
"GDP per capita, PPP (current international $)",NY.GDP.PCAP.PP.CD,Caribbean small states,CSS,8200.72923966384,8610.22093813842,9055.3078860074,9404.91962499969,9868.62710949486,10663.2209760389,11373.4735983469,12099.682418625,13285.2763315364,14009.4811897828,14425.8127753752,13947.3366106573,14245.9537355729,14601.7363050196,14968.8744551027,15283.8822611987,15558.6421040274,15829.1440840563,15595.5651089226
"GDP per capita, PPP (current international $)",NY.GDP.PCAP.PP.CD,Central Europe and the Baltics,CEB,9069.92947903899,9378.99967311142,10010.4681681246,10790.7732357562,11598.1788132363,12338.5630621356,13463.2877457204,14289.6433723886,15884.4588969515,17710.0324459205,19612.4476639528,19610.8468910826,20727.8578656753,22150.803143728,22956.181474473,23973.6310744898,24956.1752655506,25841.6093223773,26867.054179839
"GDP per capita, PPP (current international $)",NY.GDP.PCAP.PP.CD,Early-demographic dividend,EAR,3744.36917876513,3825.99046782018,4022.17411966809,4114.61300193017,4187.87323027835,4412.63488027153,4756.62698708976,5153.50220216003,5593.94566796025,6041.04132342554,6333.42343536059,6443.55192528609,6880.89299424836,7301.14980923302,7644.56628939101,8002.33801681435,8414.25495561745,8762.81661531834,9190.76737216363
"GDP per capita, PPP (current international $)",NY.GDP.PCAP.PP.CD,East Asia & Pacific,EAS,5068.44478392175,5309.36221233221,5710.26810898187,6012.30336693349,6380.51972839422,6800.23515651194,7382.9342275774,8037.64344369358,8827.82949655653,9759.37823345277,10388.1289948156,10789.3299097175,11721.8453879564,12610.4288550941,13479.3580655251,14402.5664620593,15259.9686449408,16114.483146788,17038.8885637955
"GDP per capita, PPP (current international $)",NY.GDP.PCAP.PP.CD,East Asia & Pacific (excluding high income),EAP,2844.78882235134,3025.34002421836,3289.05349521666,3548.97045339215,3845.22365358055,4220.20851021782,4677.28130883839,5241.44352225628,5920.6330283525,6744.12911568489,7387.85411141301,7938.70524494568,8744.62090470648,9592.57719384116,10420.495307061,11257.5935871937,12133.153485484,12958.5279767493,13845.2334664847
"GDP per capita, PPP (current international $)",NY.GDP.PCAP.PP.CD,East Asia & Pacific (IDA & IBRD countries),TEA,2875.91092255811,3058.36129035203,3324.89979134596,3587.62309979768,3887.09481970558,4266.15849856606,4728.19907666862,5298.45045280668,5984.91649084446,6817.2047611892,7467.70528852486,8024.29234024525,8838.67026486427,9695.51597676304,10532.0579089013,11377.8232600613,12262.4078292686,13096.2313264887,13991.9349660461
"GDP per capita, PPP (current international $)",NY.GDP.PCAP.PP.CD,Euro area,EMU,22921.5243337082,23830.8353857106,25317.1263588074,26513.8179664487,27539.1142480095,27954.7664043353,29071.8333847977,30106.4643037146,32521.9008945165,34411.1493353554,35746.9960381594,34844.2539600574,35842.4375619427,37434.3496748476,37810.2663894248,38991.8290510105,39921.5664440173,40864.7358951896,42080.9637714729
"GDP per capita, PPP (current international $)",NY.GDP.PCAP.PP.CD,Europe & Central Asia,ECS,14150.3666466438,14707.1514546765,15848.9648063162,16646.0090573503,17438.804603465,18098.6643549572,19221.4587581537,20261.9675793692,22419.5910397509,24020.0310597912,25666.8808088515,24949.4924813922,26010.072476319,27766.5996676704,28490.1191815404,29491.7753115304,30248.2454125694,30654.8667021393,31378.6974846785
"GDP per capita, PPP (current international $)",NY.GDP.PCAP.PP.CD,Europe & Central Asia (excluding high income),ECA,5263.60610498611,5436.73072121583,6074.51779309288,6439.23188588988,6892.33795219793,7619.93634813427,8535.45154401429,9586.58521895995,11474.1098219515,12800.1901960884,14705.5467841981,14209.8508734174,15196.6393851681,17266.7823877214,18183.3728072289,18896.8790337764,19365.2989704603,19184.3161046537,19489.0788702195
"GDP per capita, PPP (current international $)",NY.GDP.PCAP.PP.CD,Europe & Central Asia (IDA & IBRD countries),TEC,5683.66796321904,5888.85664896986,6524.29249205465,6899.58727359857,7377.23446748499,8083.36777994088,9014.12432778216,10017.885524723,11850.5645444792,13208.624806637,15075.5536091611,14699.4033065351,15743.0706138633,17779.5399720927,18694.3227820763,19418.4559814425,19916.8643401442,19838.619705487,20186.000772827
"GDP per capita, PPP (current international $)",NY.GDP.PCAP.PP.CD,European Union,EUU,20349.2799174332,21142.0295971954,22572.6301776936,23689.6432492293,24733.1369410837,25324.5893126131,26558.9015660669,27505.4304581125,29757.4590156132,31530.6954481621,32957.6720960283,32161.5538474397,33259.6897665408,34720.3356382756,35279.4905322594,36492.3787960779,37502.7299906111,38457.3762940837,39624.7403074343
"GDP per capita, PPP (current international $)",NY.GDP.PCAP.PP.CD,Fragile and conflict affected situations,FCS,2209.86139134653,2369.02174204071,2421.02348225319,2491.13273385811,2456.35354129381,2309.88421938113,2670.87355129818,2875.16404657835,3100.16032256903,3273.92020040841,3443.61087500007,3549.44278957936,3729.31607465323,3547.5570012115,3964.2521902484,4103.65523043544,4126.85802018559,4144.10517640945,4269.80983420982
"GDP per capita, PPP (current international $)",NY.GDP.PCAP.PP.CD,Heavily indebted poor countries (HIPC),HPC,1090.3475295776,1111.66245466257,1138.03341883243,1181.87844205023,1206.18564509556,1250.22469583511,1318.709359132,1405.69815898959,1494.93618286153,1594.61608232803,1677.44830249614,1716.13668397766,1786.86623475896,1861.85177273813,1952.30725660886,2042.97700880608,2137.35189895217,2209.71500205758,2279.48663064339
"GDP per capita, PPP (current international $)",NY.GDP.PCAP.PP.CD,High income,HIC,24643.9200099257,25631.5311174578,27229.8712787501,28096.0497341967,28949.2552961599,29939.065013177,31627.1043721485,33186.3973512653,35325.2966822767,37057.1195181194,37972.1921306322,36929.7779914209,38354.580079294,39921.9799458844,41004.2308657272,42383.1441960153,43570.0585467399,44718.3270851057,45789.0931312271
"GDP per capita, PPP (current international $)",NY.GDP.PCAP.PP.CD,IBRD only,IBD,3939.85235347864,4102.03498207142,4384.1300373089,4598.88742476221,4823.68044973282,5152.0259415968,5649.09070271858,6209.94248334455,6946.60018624911,7705.58034627708,8328.57986786099,8585.71827984005,9290.69974771088,10067.0289689035,10680.3442209869,11279.10775131,11879.7575577804,12350.29247033,12956.6960566857
"GDP per capita, PPP (current international $)",NY.GDP.PCAP.PP.CD,IDA & IBRD total,IBT,3430.09783513175,3560.92764407022,3791.15223912899,3967.63600016956,4146.67260017229,4415.74011577932,4840.64039957488,5299.59164903664,5897.54994810526,6509.31905879321,7003.45544368649,7206.98223900532,7761.15609410504,8367.25083629487,8846.28237886292,9319.07052823378,9793.6397853532,10149.8006666715,10602.9929341206
"GDP per capita, PPP (current international $)",NY.GDP.PCAP.PP.CD,IDA blend,IDB,2269.2359562809,2303.57504720687,2394.48121718331,2469.13175292907,2524.78480006619,2666.60523585803,3108.3291482212,3311.31699886682,3568.19855144921,3792.95295483806,3925.11242649506,4048.94314563374,4214.14392041345,4390.12438252999,4561.4506984997,4763.02344533526,5004.3172674692,5144.48070467845,5214.9030059237
"GDP per capita, PPP (current international $)",NY.GDP.PCAP.PP.CD,IDA only,IDX,1166.12009169704,1205.58699389697,1257.23387784062,1321.35734648734,1361.67173946034,1429.21553412099,1520.84327818164,1639.07371441389,1761.84894351555,1897.31794666504,2012.01881516832,2080.90222256185,2187.97021300487,2283.26652524948,2387.08336864988,2522.7112398341,2654.68127761513,2723.79608885949,2812.0482340231
"GDP per capita, PPP (current international $)",NY.GDP.PCAP.PP.CD,IDA total,IDA,1542.30057000406,1578.86182145953,1643.15494986498,1709.39208212476,1753.79941555979,1845.81520710826,2058.00048463115,2203.7615243632,2371.36396353458,2536.07831971557,2655.45854458546,2742.81035291807,2869.55965466113,2990.23215730484,3116.89213591137,3274.5934875184,3443.76664185369,3537.35636512327,3618.83792757396
"GDP per capita, PPP (current international $)",NY.GDP.PCAP.PP.CD,Late-demographic dividend,LTE,4147.43090597874,4359.43115018155,4737.9114751352,5062.1380702207,5430.08710379895,5909.41171182389,6527.26873120158,7235.11479834335,8239.26540433931,9268.65149080126,10210.4527414317,10610.5743616936,11547.9753296886,12708.1732795867,13616.2626717464,14474.9909049147,15293.3520364581,15950.3986166739,16704.4161303696
"GDP per capita, PPP (current international $)",NY.GDP.PCAP.PP.CD,Latin America & Caribbean,LCN,8303.60633950879,8328.68726742051,8708.46740812926,8850.54837513044,8882.21807030224,9069.81576106412,9763.12021845644,10451.0333696596,11317.9470733461,12131.7054153486,12727.4226410178,12515.0867396906,13293.3327883246,14141.6013234072,14633.507471854,15108.3469454542,15408.4110255715,15306.514095092,15346.6719428503
"GDP per capita, PPP (current international $)",NY.GDP.PCAP.PP.CD,Latin America & Caribbean (excluding high income),LAC,7792.10518810033,7836.21595197403,8232.51714051134,8395.43099210329,8514.29667016094,8615.69127672139,9234.06954292463,9853.00403976371,10599.9612104073,11329.0522145323,11934.3754239815,11797.8983634343,12461.3073664177,13233.7235507349,13734.1588902646,14176.1966532297,14517.3449152095,14349.2417246934,14395.5474843393
"GDP per capita, PPP (current international $)",NY.GDP.PCAP.PP.CD,Latin America & the Caribbean (IDA & IBRD countries),TLA,8241.71113098031,8254.26928239995,8628.47826373394,8755.90792602359,8782.50902163223,8968.34598983168,9646.66414473649,10339.1712329191,11211.1761102789,12029.4418404881,12630.5738061347,12417.9283713246,13201.2901182937,14059.2468858218,14549.6451213278,15024.6441167051,15323.825523334,15217.9906251466,15258.8834212463
"GDP per capita, PPP (current international $)",NY.GDP.PCAP.PP.CD,Least developed countries: UN classification,LDC,1038.82199473428,1075.03912722847,1123.73197367976,1182.70138720289,1227.62328746577,1290.72395459724,1380.58870157731,1506.6320778809,1637.71001920556,1787.27730434169,1907.73799614102,1974.77636625675,2073.93475061091,2158.72883043953,2247.06274708973,2368.28219244911,2484.85011704014,2541.16258362716,2606.85595419668
"GDP per capita, PPP (current international $)",NY.GDP.PCAP.PP.CD,Low & middle income,LMY,3273.66369027764,3406.48618523037,3634.26050120696,3812.50639650451,3997.88588287904,4258.84090492408,4670.46369610314,5119.55997392256,5697.00704182529,6290.03598301181,6775.56850512266,6987.91719251372,7521.37981855958,8109.18252376366,8587.01454765748,9054.83245918163,9533.67368956379,9887.33762049188,10344.5270585192
"GDP per capita, PPP (current international $)",NY.GDP.PCAP.PP.CD,Low income,LIC,1031.39760620335,1054.97664934935,1081.09858338421,1127.86842775773,1142.4636070789,1173.6519000291,1238.88267233984,1320.75608042563,1389.8935115389,1474.59733499181,1538.61325315634,1589.32051991974,1672.52124411372,1737.57362342879,1790.32332442337,1884.85696591068,1974.44866897923,1963.72993696082,1973.39603208386
"GDP per capita, PPP (current international $)",NY.GDP.PCAP.PP.CD,Lower middle income,LMC,2288.29459611134,2394.23661467526,2512.69954468036,2635.20537084358,2733.89671236733,2917.3627517606,3190.23508572416,3467.53303851084,3787.93636158865,4133.50176572315,4350.75503381859,4544.73292665921,4869.9203918531,5165.74878576229,5448.64012831524,5757.41629889817,6108.00926386517,6446.5655151537,6789.60508787418
"GDP per capita, PPP (current international $)",NY.GDP.PCAP.PP.CD,Middle East & North Africa,MEA,10058.7989547943,10221.8510197234,10818.2087726705,11009.5622094803,11178.2535569333,11727.1706919981,12770.1360748578,13528.249318543,14427.8670314756,15253.3913313672,15882.0676904909,15806.9487227821,16456.6986900741,16964.6460415875,17557.1863346781,17940.6423622846,18390.0166222634,18676.3189448734,19498.7615833369
"GDP per capita, PPP (current international $)",NY.GDP.PCAP.PP.CD,Middle East & North Africa (excluding high income),MNA,6679.78634461856,6956.91156303762,7294.82915360657,7497.71933405958,7732.84275309624,7954.22932003316,8666.18345860824,9187.94110875773,9820.04384559459,10503.7288183193,10898.4393975634,11067.7335068792,11576.4191480951,11532.3557258174,11824.2062766001,12000.8099835727,12267.4865131684,12302.2981769859,13092.1536105922
"GDP per capita, PPP (current international $)",NY.GDP.PCAP.PP.CD,Middle East & North Africa (IDA & IBRD countries),TMN,6716.87674170747,6991.18169407708,7337.15724000747,7545.0611175286,7783.98326506286,8005.17317488302,8722.19893692614,9245.48626227892,9887.11253615841,10579.8539152309,10983.5741988125,11148.8927642873,11663.9055779576,11617.0172031616,11906.276840659,12089.3887128989,12361.6798568493,12392.0325278777,13191.7501332996
"GDP per capita, PPP (current international $)",NY.GDP.PCAP.PP.CD,Middle income,MIC,3504.87174944388,3651.79880278209,3903.19375392518,4099.45805046214,4306.7566336442,4596.7988212498,5051.24498763166,5547.06465811746,6187.68299877331,6846.29959721698,7389.33633170145,7631.04753035422,8228.13021160684,8888.09502985183,9428.90779517795,9955.75940409434,10497.042520873,10909.8624707577,11438.8006014341
"GDP per capita, PPP (current international $)",NY.GDP.PCAP.PP.CD,North America,NAC,32274.6762980522,33935.2578834501,35736.5062407811,36567.0311076803,37448.106982257,38941.4249116132,41118.6297035445,43503.5753746535,45609.3306086384,47214.9289953268,47602.8710006479,46192.1912852048,47550.053297282,48978.0767077502,50524.1556154704,51913.7836041385,53776.0918319851,55259.5928556006,56301.3603619736
"GDP per capita, PPP (current international $)",NY.GDP.PCAP.PP.CD,Not classified,INX,..,..,..,..,..,..,..,..,..,..,..,..,..,..,..,..,..,..,..
"GDP per capita, PPP (current international $)",NY.GDP.PCAP.PP.CD,OECD members,OED,22831.3854810783,23764.4478047136,25245.6103643525,26042.1772790071,26857.7326578295,27617.5004035809,29090.8654604373,30482.3676194488,32467.1929376972,34012.7605584688,34849.7424723608,33901.5807061787,35171.4216204456,36587.3163332102,37555.7344465651,38820.167751989,39958.4803198365,40946.3738789787,41944.0236785388
"GDP per capita, PPP (current international $)",NY.GDP.PCAP.PP.CD,Other small states,OSS,..,..,10634.5707754191,11186.7001905389,11704.1397438165,12202.7250551915,13515.4090802871,14470.6813281444,16324.5235050554,18049.499875058,19487.5987588248,19674.5906343336,21082.5207291819,22722.0013883364,23462.3393108067,24079.6552587549,24624.5285811085,24980.1471430734,25290.5900476445
"GDP per capita, PPP (current international $)",NY.GDP.PCAP.PP.CD,Pacific island small states,PSS,3364.51573811269,3569.79484711115,3570.78389321079,3663.4909131437,3765.69468602486,3873.0830531536,4105.994326448,4272.60785159796,4446.77769535702,4544.4596529623,4650.3988712503,4552.1544378397,4678.76718441672,4902.66069792994,5014.97270918517,5190.60793085044,5440.66178441257,5617.41535964619,5717.58048329619
"GDP per capita, PPP (current international $)",NY.GDP.PCAP.PP.CD,Post-demographic dividend,PST,24151.702622567,25218.252449338,26819.3480114547,27780.7661116321,28742.9254917987,29669.8933391344,31284.3025758737,32804.8371698282,34892.4892328317,36583.254397803,37471.6092439863,36426.7941609495,37729.1806856903,39128.45050873,40147.9979175032,41516.5200614406,42680.511574435,43709.7661246477,44818.3792306166
"GDP per capita, PPP (current international $)",NY.GDP.PCAP.PP.CD,Pre-demographic dividend,PRE,1704.79477023678,1777.26387600141,1821.31715835448,1888.75683599917,1893.33112591653,1854.03530551781,2254.42291185916,2389.31308593733,2589.25982107579,2759.75684221553,2917.44517936754,2994.69716138233,3125.29102090436,3253.00173963519,3397.83474016003,3548.7317233212,3670.29189098673,3740.7655330437,3794.00733789862
"GDP per capita, PPP (current international $)",NY.GDP.PCAP.PP.CD,Small states,SST,..,..,9814.33204264376,10296.1757618966,10780.2592850746,11323.876126495,12443.57761272,13308.6678494112,14926.0733324641,16355.7279703523,17521.1084323722,17579.1364335246,18711.1575215015,20039.200963529,20696.445303217,21256.3056768274,21759.105724993,22114.7200506836,22338.2904002144
"GDP per capita, PPP (current international $)",NY.GDP.PCAP.PP.CD,South Asia,SAS,1782.44705881553,1911.7071297234,1997.61120866007,2091.48779759545,2163.14079870992,2323.57661822511,2524.21289153231,2787.43414746605,3070.88279216751,3380.72986026061,3525.43525868634,3763.32865161547,4088.88982960797,4371.63818306563,4631.41997587087,4924.04675367883,5290.67846680511,5678.73282796046,6066.00585410686
"GDP per capita, PPP (current international $)",NY.GDP.PCAP.PP.CD,South Asia (IDA & IBRD),TSA,1782.44705881553,1911.7071297234,1997.61120866007,2091.48779759545,2163.14079870992,2323.57661822511,2524.21289153231,2787.43414746605,3070.88279216751,3380.72986026061,3525.43525868634,3763.32865161547,4088.88982960797,4371.63818306563,4631.41997587087,4924.04675367883,5290.67846680511,5678.73282796046,6066.00585410686
"GDP per capita, PPP (current international $)",NY.GDP.PCAP.PP.CD,Sub-Saharan Africa,SSF,1807.73800302006,1827.86224952467,1885.89000188664,1956.25407600938,2005.57824911006,2092.66034972704,2349.67730732326,2492.68295094924,2675.85466153658,2864.65927522818,2999.08767696981,3037.68461512784,3162.31610659456,3294.6889044495,3389.1780793395,3524.5609600179,3664.70790357009,3726.24949095341,3730.32013292518
"GDP per capita, PPP (current international $)",NY.GDP.PCAP.PP.CD,Sub-Saharan Africa (excluding high income),SSA,1806.22207386789,1826.3344901688,1884.34607084718,1954.76073881258,2004.09072462828,2091.28840709727,2348.37460665166,2491.24035880247,2674.26238550298,2862.88567111973,2997.3888457188,3036.0447202859,3160.60411368115,3292.82188602744,3387.30726335452,3522.59417093535,3662.6693301858,3724.13762120938,3728.12920337831
"GDP per capita, PPP (current international $)",NY.GDP.PCAP.PP.CD,Sub-Saharan Africa (IDA & IBRD countries),TSS,1807.73800302006,1827.86224952467,1885.89000188664,1956.25407600938,2005.57824911006,2092.66034972704,2349.67730732326,2492.68295094924,2675.85466153658,2864.65927522818,2999.08767696981,3037.68461512784,3162.31610659456,3294.6889044495,3389.1780793395,3524.5609600179,3664.70790357009,3726.24949095341,3730.32013292519
"GDP per capita, PPP (current international $)",NY.GDP.PCAP.PP.CD,Upper middle income,UMC,4709.44060591634,4906.53818250815,5302.37732908655,5585.82537898341,5918.0516946854,6332.78997037222,6992.1642570771,7734.92876207075,8734.57597448034,9750.36105280934,10669.7703183183,10989.0969860333,11911.3697366287,13002.5153048247,13860.7017085701,14663.4560353221,15452.1431269324,15980.8795550285,16755.3382139261
"GDP per capita, PPP (current international $)",NY.GDP.PCAP.PP.CD,World,WLD,7216.22534118057,7478.42325107287,7927.72007199036,8203.8211582882,8483.0682575709,8847.70165694081,9460.35727759669,10079.3571959316,10906.4500777999,11674.6385935573,12211.953407569,12178.9048043428,12836.8416512041,13555.6762172915,14103.4458931153,14692.4843959058,15257.4383039826,15710.1676124909,16233.9597454882
,,,,,,,,,,,,,,,,,,,,,,
,,,,,,,,,,,,,,,,,,,,,,
,,,,,,,,,,,,,,,,,,,,,,
Data from database: World Development Indicators,,,,,,,,,,,,,,,,,,,,,,
Last Updated: 06/28/2018,,,,,,,,,,,,,,,,,,,,,,
